		--Customers who booked

INSERT INTO "CARTOCRI"."CUSTUMER" (CUSTUMER_ID, CUSTUMER_DRIVING_ID, CUSTUMER_FIRST_NAME, CUSTUMER_SECOND_NAME, EMAIL_ADRESS, CONTACT_NUMBER, ADRESS, ZIP_CODE, CITY, STATE, COUNTRY) VALUES ('1', '809511818', 'Manuel', 'Pricer', 'Manuel.Pricer@gmail.com', '9719383', 'Muzeum', '3624', 'Praha', 'Praha', 'Czech Republic') ;
INSERT INTO "CARTOCRI"."CUSTUMER" (CUSTUMER_ID, CUSTUMER_DRIVING_ID, CUSTUMER_FIRST_NAME, CUSTUMER_SECOND_NAME, EMAIL_ADRESS, CONTACT_NUMBER, ADRESS, ZIP_CODE, CITY, STATE, COUNTRY) VALUES ('2', '486292204', 'Mara', 'Partridge', 'Mara.Partridge@gmail.com', '5192321', 'Muzeum', '3396', 'Praha', 'Praha', 'Czech Republic') ;
INSERT INTO "CARTOCRI"."CUSTUMER" (CUSTUMER_ID, CUSTUMER_DRIVING_ID, CUSTUMER_FIRST_NAME, CUSTUMER_SECOND_NAME, EMAIL_ADRESS, CONTACT_NUMBER, ADRESS, ZIP_CODE, CITY, STATE, COUNTRY) VALUES ('3', '638946524', 'Kayla', 'Embree', 'Kayla.Embree@gmail.com', '7399768', 'Flora', '1943', 'Praha', 'Praha', 'Czech Republic') ;
INSERT INTO "CARTOCRI"."CUSTUMER" (CUSTUMER_ID, CUSTUMER_DRIVING_ID, CUSTUMER_FIRST_NAME, CUSTUMER_SECOND_NAME, EMAIL_ADRESS, CONTACT_NUMBER, ADRESS, ZIP_CODE, CITY, STATE, COUNTRY) VALUES ('4', '553872949', 'Camellia', 'Omar', 'Camellia.Omar@gmail.com', '5782526', 'Skalka', '4427', 'Praha', 'Praha', 'Czech Republic') ;
INSERT INTO "CARTOCRI"."CUSTUMER" (CUSTUMER_ID, CUSTUMER_DRIVING_ID, CUSTUMER_FIRST_NAME, CUSTUMER_SECOND_NAME, EMAIL_ADRESS, CONTACT_NUMBER, ADRESS, ZIP_CODE, CITY, STATE, COUNTRY) VALUES ('5', '468642495', 'Ginger', 'Gilmore', 'Ginger.Gilmore@gmail.com', '5605725', 'Hradcanska', '2121', 'Praha', 'Praha', 'Czech Republic') ;
INSERT INTO "CARTOCRI"."CUSTUMER" (CUSTUMER_ID, CUSTUMER_DRIVING_ID, CUSTUMER_FIRST_NAME, CUSTUMER_SECOND_NAME, EMAIL_ADRESS, CONTACT_NUMBER, ADRESS, ZIP_CODE, CITY, STATE, COUNTRY) VALUES ('6', '190922984', 'Bee', 'Poppe', 'Bee.Poppe@gmail.com', '7079891', 'Palmovka', '4143', 'Praha', 'Praha', 'Czech Republic') ;
INSERT INTO "CARTOCRI"."CUSTUMER" (CUSTUMER_ID, CUSTUMER_DRIVING_ID, CUSTUMER_FIRST_NAME, CUSTUMER_SECOND_NAME, EMAIL_ADRESS, CONTACT_NUMBER, ADRESS, ZIP_CODE, CITY, STATE, COUNTRY) VALUES ('7', '560466598', 'Janise', 'Wasden', 'Janise.Wasden@gmail.com', '1682650', 'Palmovka', '2083', 'Praha', 'Praha', 'Czech Republic') ;
INSERT INTO "CARTOCRI"."CUSTUMER" (CUSTUMER_ID, CUSTUMER_DRIVING_ID, CUSTUMER_FIRST_NAME, CUSTUMER_SECOND_NAME, EMAIL_ADRESS, CONTACT_NUMBER, ADRESS, ZIP_CODE, CITY, STATE, COUNTRY) VALUES ('8', '821960968', 'Jacob', 'Madrid', 'Jacob.Madrid@gmail.com', '6335194', 'Flora', '1332', 'Praha', 'Praha', 'Czech Republic') ;
INSERT INTO "CARTOCRI"."CUSTUMER" (CUSTUMER_ID, CUSTUMER_DRIVING_ID, CUSTUMER_FIRST_NAME, CUSTUMER_SECOND_NAME, EMAIL_ADRESS, CONTACT_NUMBER, ADRESS, ZIP_CODE, CITY, STATE, COUNTRY) VALUES ('9', '113154893', 'Filomena', 'Corker', 'Filomena.Corker@gmail.com', '8855742', 'Luka', '3892', 'Praha', 'Praha', 'Czech Republic') ;
INSERT INTO "CARTOCRI"."CUSTUMER" (CUSTUMER_ID, CUSTUMER_DRIVING_ID, CUSTUMER_FIRST_NAME, CUSTUMER_SECOND_NAME, EMAIL_ADRESS, CONTACT_NUMBER, ADRESS, ZIP_CODE, CITY, STATE, COUNTRY) VALUES ('10', '814884098', 'Ariel', 'Bachmann', 'Ariel.Bachmann@gmail.com', '4055778', 'Palmovka', '4008', 'Praha', 'Praha', 'Czech Republic') ;
INSERT INTO "CARTOCRI"."CUSTUMER" (CUSTUMER_ID, CUSTUMER_DRIVING_ID, CUSTUMER_FIRST_NAME, CUSTUMER_SECOND_NAME, EMAIL_ADRESS, CONTACT_NUMBER, ADRESS, ZIP_CODE, CITY, STATE, COUNTRY) VALUES ('11', '874334323', 'Wendie', 'Grullon', 'Wendie.Grullon@gmail.com', '4171698', 'Dejvicka', '1424', 'Praha', 'Praha', 'Czech Republic') ;
INSERT INTO "CARTOCRI"."CUSTUMER" (CUSTUMER_ID, CUSTUMER_DRIVING_ID, CUSTUMER_FIRST_NAME, CUSTUMER_SECOND_NAME, EMAIL_ADRESS, CONTACT_NUMBER, ADRESS, ZIP_CODE, CITY, STATE, COUNTRY) VALUES ('12', '576506749', 'Laquanda', 'Heroux', 'Laquanda.Heroux@gmail.com', '2681699', 'Palmovka', '2316', 'Praha', 'Praha', 'Czech Republic') ;
INSERT INTO "CARTOCRI"."CUSTUMER" (CUSTUMER_ID, CUSTUMER_DRIVING_ID, CUSTUMER_FIRST_NAME, CUSTUMER_SECOND_NAME, EMAIL_ADRESS, CONTACT_NUMBER, ADRESS, ZIP_CODE, CITY, STATE, COUNTRY) VALUES ('13', '717894084', 'Concha', 'Sisson', 'Concha.Sisson@gmail.com', '9145356', 'Invalidovna', '2811', 'Praha', 'Praha', 'Czech Republic') ;
INSERT INTO "CARTOCRI"."CUSTUMER" (CUSTUMER_ID, CUSTUMER_DRIVING_ID, CUSTUMER_FIRST_NAME, CUSTUMER_SECOND_NAME, EMAIL_ADRESS, CONTACT_NUMBER, ADRESS, ZIP_CODE, CITY, STATE, COUNTRY) VALUES ('14', '540479922', 'Ayanna', 'Jantzen', 'Ayanna.Jantzen@gmail.com', '7424875', 'Hradcanska', '1425', 'Praha', 'Praha', 'Czech Republic') ;
INSERT INTO "CARTOCRI"."CUSTUMER" (CUSTUMER_ID, CUSTUMER_DRIVING_ID, CUSTUMER_FIRST_NAME, CUSTUMER_SECOND_NAME, EMAIL_ADRESS, CONTACT_NUMBER, ADRESS, ZIP_CODE, CITY, STATE, COUNTRY) VALUES ('15', '919152716', 'Malisa', 'Crossan', 'Malisa.Crossan@gmail.com', '7476519', 'Hradcanska', '3303', 'Praha', 'Praha', 'Czech Republic') ;
INSERT INTO "CARTOCRI"."CUSTUMER" (CUSTUMER_ID, CUSTUMER_DRIVING_ID, CUSTUMER_FIRST_NAME, CUSTUMER_SECOND_NAME, EMAIL_ADRESS, CONTACT_NUMBER, ADRESS, ZIP_CODE, CITY, STATE, COUNTRY) VALUES ('16', '724767849', 'Savannah', 'Ardon', 'Savannah.Ardon@gmail.com', '3272995', 'Florenc', '2792', 'Praha', 'Praha', 'Czech Republic') ;
INSERT INTO "CARTOCRI"."CUSTUMER" (CUSTUMER_ID, CUSTUMER_DRIVING_ID, CUSTUMER_FIRST_NAME, CUSTUMER_SECOND_NAME, EMAIL_ADRESS, CONTACT_NUMBER, ADRESS, ZIP_CODE, CITY, STATE, COUNTRY) VALUES ('17', '965744320', 'Cheri', 'Berkey', 'Cheri.Berkey@gmail.com', '1816505', 'Hradcanska', '1692', 'Praha', 'Praha', 'Czech Republic') ;
INSERT INTO "CARTOCRI"."CUSTUMER" (CUSTUMER_ID, CUSTUMER_DRIVING_ID, CUSTUMER_FIRST_NAME, CUSTUMER_SECOND_NAME, EMAIL_ADRESS, CONTACT_NUMBER, ADRESS, ZIP_CODE, CITY, STATE, COUNTRY) VALUES ('18', '845595743', 'Tommie', 'Weingarten', 'Tommie.Weingarten@gmail.com', '5035677', 'Hradcanska', '4033', 'Praha', 'Praha', 'Czech Republic') ;
INSERT INTO "CARTOCRI"."CUSTUMER" (CUSTUMER_ID, CUSTUMER_DRIVING_ID, CUSTUMER_FIRST_NAME, CUSTUMER_SECOND_NAME, EMAIL_ADRESS, CONTACT_NUMBER, ADRESS, ZIP_CODE, CITY, STATE, COUNTRY) VALUES ('19', '918713137', 'Chris', 'Castaldi', 'Chris.Castaldi@gmail.com', '1947265', 'Hradcanska', '1781', 'Praha', 'Praha', 'Czech Republic') ;
INSERT INTO "CARTOCRI"."CUSTUMER" (CUSTUMER_ID, CUSTUMER_DRIVING_ID, CUSTUMER_FIRST_NAME, CUSTUMER_SECOND_NAME, EMAIL_ADRESS, CONTACT_NUMBER, ADRESS, ZIP_CODE, CITY, STATE, COUNTRY) VALUES ('20', '242851012', 'David', 'Brown', 'David.Brown@gmail.com', '9164646', 'Invalidovna', '3189', 'Praha', 'Praha', 'Czech Republic') ;


	--Customers who didn't booked

INSERT INTO "CARTOCRI"."CUSTUMER" (CUSTUMER_ID, CUSTUMER_DRIVING_ID, CUSTUMER_FIRST_NAME, CUSTUMER_SECOND_NAME, EMAIL_ADRESS, CONTACT_NUMBER, ADRESS, ZIP_CODE, CITY, STATE, COUNTRY) VALUES ('21', '191690345', 'Kristin', 'Davidson', 'Kristin.Davidson@gmail.com', '3033625', 'Hradcanska', '4062', 'Praha', 'Praha', 'Czech Republic') ;
INSERT INTO "CARTOCRI"."CUSTUMER" (CUSTUMER_ID, CUSTUMER_DRIVING_ID, CUSTUMER_FIRST_NAME, CUSTUMER_SECOND_NAME, EMAIL_ADRESS, CONTACT_NUMBER, ADRESS, ZIP_CODE, CITY, STATE, COUNTRY) VALUES ('22', '698897568', 'Merle', 'Holt', 'Merle.Holt@gmail.com', '8928223', 'Palmovka', '3243', 'Praha', 'Praha', 'Czech Republic') ;
INSERT INTO "CARTOCRI"."CUSTUMER" (CUSTUMER_ID, CUSTUMER_DRIVING_ID, CUSTUMER_FIRST_NAME, CUSTUMER_SECOND_NAME, EMAIL_ADRESS, CONTACT_NUMBER, ADRESS, ZIP_CODE, CITY, STATE, COUNTRY) VALUES ('23', '699141499', 'Carla', 'Wagner', 'Carla.Wagner@gmail.com', '7853179', 'Florenc', '3879', 'Praha', 'Praha', 'Czech Republic') ;
INSERT INTO "CARTOCRI"."CUSTUMER" (CUSTUMER_ID, CUSTUMER_DRIVING_ID, CUSTUMER_FIRST_NAME, CUSTUMER_SECOND_NAME, EMAIL_ADRESS, CONTACT_NUMBER, ADRESS, ZIP_CODE, CITY, STATE, COUNTRY) VALUES ('24', '423712747', 'Micheal', 'Parker', 'Micheal.Parker@gmail.com', '3746941', 'Hradcanska', '4196', 'Praha', 'Praha', 'Czech Republic') ;
INSERT INTO "CARTOCRI"."CUSTUMER" (CUSTUMER_ID, CUSTUMER_DRIVING_ID, CUSTUMER_FIRST_NAME, CUSTUMER_SECOND_NAME, EMAIL_ADRESS, CONTACT_NUMBER, ADRESS, ZIP_CODE, CITY, STATE, COUNTRY) VALUES ('25', '913691405', 'Benny', 'James', 'Benny.James@gmail.com', '8017569', 'Florenc', '3544', 'Praha', 'Praha', 'Czech Republic') ;
INSERT INTO "CARTOCRI"."CUSTUMER" (CUSTUMER_ID, CUSTUMER_DRIVING_ID, CUSTUMER_FIRST_NAME, CUSTUMER_SECOND_NAME, EMAIL_ADRESS, CONTACT_NUMBER, ADRESS, ZIP_CODE, CITY, STATE, COUNTRY) VALUES ('26', '145626751', 'Sonia', 'Martin', 'Sonia.Martin@gmail.com', '3850567', 'Skalka', '1943', 'Praha', 'Praha', 'Czech Republic') ;
INSERT INTO "CARTOCRI"."CUSTUMER" (CUSTUMER_ID, CUSTUMER_DRIVING_ID, CUSTUMER_FIRST_NAME, CUSTUMER_SECOND_NAME, EMAIL_ADRESS, CONTACT_NUMBER, ADRESS, ZIP_CODE, CITY, STATE, COUNTRY) VALUES ('27', '314008970', 'Bryan', 'Nelson', 'Bryan.Nelson@gmail.com', '7595821', 'Hradcanska', '1181', 'Praha', 'Praha', 'Czech Republic') ;
INSERT INTO "CARTOCRI"."CUSTUMER" (CUSTUMER_ID, CUSTUMER_DRIVING_ID, CUSTUMER_FIRST_NAME, CUSTUMER_SECOND_NAME, EMAIL_ADRESS, CONTACT_NUMBER, ADRESS, ZIP_CODE, CITY, STATE, COUNTRY) VALUES ('28', '570394384', 'Darrell', 'Castro', 'Darrell.Castro@gmail.com', '5833798', 'Luka', '4318', 'Praha', 'Praha', 'Czech Republic') ;
INSERT INTO "CARTOCRI"."CUSTUMER" (CUSTUMER_ID, CUSTUMER_DRIVING_ID, CUSTUMER_FIRST_NAME, CUSTUMER_SECOND_NAME, EMAIL_ADRESS, CONTACT_NUMBER, ADRESS, ZIP_CODE, CITY, STATE, COUNTRY) VALUES ('29', '413876460', 'Angel', 'Wilkerson', 'Angel.Wilkerson@gmail.com', '7723352', 'Florenc', '3417', 'Praha', 'Praha', 'Czech Republic') ;
INSERT INTO "CARTOCRI"."CUSTUMER" (CUSTUMER_ID, CUSTUMER_DRIVING_ID, CUSTUMER_FIRST_NAME, CUSTUMER_SECOND_NAME, EMAIL_ADRESS, CONTACT_NUMBER, ADRESS, ZIP_CODE, CITY, STATE, COUNTRY) VALUES ('30', '658958741', 'Angela', 'Moraru', 'Angela.Moraru@gmail.com', '8391216', 'Florenc', '3799', 'Praha', 'Praha', 'Czech Republic') ; 


	--Cars we have (BRAND)
-- BMW models
INSERT INTO "CARTOCRI"."BRAND" (BRAND_ID, BRAND_NAME, MODEL_NAME, CATEGORY) VALUES ('1', 'BMW', '1 series', 'Hatchback');
INSERT INTO "CARTOCRI"."BRAND" (BRAND_ID, BRAND_NAME, MODEL_NAME, CATEGORY) VALUES ('1.1', 'BMW', '1 series', 'Convertible');
INSERT INTO "CARTOCRI"."BRAND" (BRAND_ID, BRAND_NAME, MODEL_NAME, CATEGORY) VALUES ('1.2', 'BMW', '1 series', 'Coupe');
INSERT INTO "CARTOCRI"."BRAND" (BRAND_ID, BRAND_NAME, MODEL_NAME, CATEGORY) VALUES ('2', 'BMW', '2 series', 'Hatchback');
INSERT INTO "CARTOCRI"."BRAND" (BRAND_ID, BRAND_NAME, MODEL_NAME, CATEGORY) VALUES ('2.1', 'BMW', '2 series', 'Convertible');
INSERT INTO "CARTOCRI"."BRAND" (BRAND_ID, BRAND_NAME, MODEL_NAME, CATEGORY) VALUES ('2.2', 'BMW', '2 series', 'Coupe');
INSERT INTO "CARTOCRI"."BRAND" (BRAND_ID, BRAND_NAME, MODEL_NAME, CATEGORY) VALUES ('2.3', 'BMW', '2 series', 'Estate');
INSERT INTO "CARTOCRI"."BRAND" (BRAND_ID, BRAND_NAME, MODEL_NAME, CATEGORY) VALUES ('3', 'BMW', '3 series', 'Sedan');
INSERT INTO "CARTOCRI"."BRAND" (BRAND_ID, BRAND_NAME, MODEL_NAME, CATEGORY) VALUES ('3.1', 'BMW', '3 series', 'Estate');
INSERT INTO "CARTOCRI"."BRAND" (BRAND_ID, BRAND_NAME, MODEL_NAME, CATEGORY) VALUES ('3.2', 'BMW', '3 series', 'Hybrid');
INSERT INTO "CARTOCRI"."BRAND" (BRAND_ID, BRAND_NAME, MODEL_NAME, CATEGORY) VALUES ('4', 'BMW', '4 series', 'Coupe');
INSERT INTO "CARTOCRI"."BRAND" (BRAND_ID, BRAND_NAME, MODEL_NAME, CATEGORY) VALUES ('4.1', 'BMW', '4 series', 'Convertible');
INSERT INTO "CARTOCRI"."BRAND" (BRAND_ID, BRAND_NAME, MODEL_NAME, CATEGORY) VALUES ('5', 'BMW', '5 series', 'Sedan');
INSERT INTO "CARTOCRI"."BRAND" (BRAND_ID, BRAND_NAME, MODEL_NAME, CATEGORY) VALUES ('5.1', 'BMW', '5 series', 'Estate');
INSERT INTO "CARTOCRI"."BRAND" (BRAND_ID, BRAND_NAME, MODEL_NAME, CATEGORY) VALUES ('5.2', 'BMW', '5 series', 'Hybrid');
INSERT INTO "CARTOCRI"."BRAND" (BRAND_ID, BRAND_NAME, MODEL_NAME, CATEGORY) VALUES ('6', 'BMW', '6 series', 'Coupe');
INSERT INTO "CARTOCRI"."BRAND" (BRAND_ID, BRAND_NAME, MODEL_NAME, CATEGORY) VALUES ('6.1', 'BMW', '6 series', 'Convertible');
INSERT INTO "CARTOCRI"."BRAND" (BRAND_ID, BRAND_NAME, MODEL_NAME, CATEGORY) VALUES ('7', 'BMW', '7 series', 'Sedan');
INSERT INTO "CARTOCRI"."BRAND" (BRAND_ID, BRAND_NAME, MODEL_NAME, CATEGORY) VALUES ('7.1', 'BMW', '7 series', 'Hybrid');
INSERT INTO "CARTOCRI"."BRAND" (BRAND_ID, BRAND_NAME, MODEL_NAME, CATEGORY) VALUES ('8', 'BMW', 'X1', 'SUV');
INSERT INTO "CARTOCRI"."BRAND" (BRAND_ID, BRAND_NAME, MODEL_NAME, CATEGORY) VALUES ('8.1', 'BMW', 'X3', 'SUV');
INSERT INTO "CARTOCRI"."BRAND" (BRAND_ID, BRAND_NAME, MODEL_NAME, CATEGORY) VALUES ('8.2', 'BMW', 'X4', 'SUV');
INSERT INTO "CARTOCRI"."BRAND" (BRAND_ID, BRAND_NAME, MODEL_NAME, CATEGORY) VALUES ('8.3', 'BMW', 'X5', 'SUV');
INSERT INTO "CARTOCRI"."BRAND" (BRAND_ID, BRAND_NAME, MODEL_NAME, CATEGORY) VALUES ('8.4', 'BMW', 'X6', 'SUV');
INSERT INTO "CARTOCRI"."BRAND" (BRAND_ID, BRAND_NAME, MODEL_NAME, CATEGORY) VALUES ('9', 'BMW', 'Z4 series', 'Convertible');
INSERT INTO "CARTOCRI"."BRAND" (BRAND_ID, BRAND_NAME, MODEL_NAME, CATEGORY) VALUES ('10', 'BMW', 'M3', 'Sedan');
INSERT INTO "CARTOCRI"."BRAND" (BRAND_ID, BRAND_NAME, MODEL_NAME, CATEGORY) VALUES ('10.1', 'BMW', 'M4', 'Coupe');
INSERT INTO "CARTOCRI"."BRAND" (BRAND_ID, BRAND_NAME, MODEL_NAME, CATEGORY) VALUES ('10.2', 'BMW', 'M4', 'Convertible');
INSERT INTO "CARTOCRI"."BRAND" (BRAND_ID, BRAND_NAME, MODEL_NAME, CATEGORY) VALUES ('10.3', 'BMW', 'M5', 'Sedan');
INSERT INTO "CARTOCRI"."BRAND" (BRAND_ID, BRAND_NAME, MODEL_NAME, CATEGORY) VALUES ('10.4', 'BMW', 'M6', 'Coupe');
INSERT INTO "CARTOCRI"."BRAND" (BRAND_ID, BRAND_NAME, MODEL_NAME, CATEGORY) VALUES ('10.5', 'BMW', 'M6', 'Convertible');
INSERT INTO "CARTOCRI"."BRAND" (BRAND_ID, BRAND_NAME, MODEL_NAME, CATEGORY) VALUES ('10.6', 'BMW', 'X5 M', 'Prestige Collection');
INSERT INTO "CARTOCRI"."BRAND" (BRAND_ID, BRAND_NAME, MODEL_NAME, CATEGORY) VALUES ('10.7', 'BMW', 'X6 M', 'Prestige Collection');
INSERT INTO "CARTOCRI"."BRAND" (BRAND_ID, BRAND_NAME, MODEL_NAME, CATEGORY) VALUES ('11', 'BMW', 'I series', 'Coupe');
INSERT INTO "CARTOCRI"."BRAND" (BRAND_ID, BRAND_NAME, MODEL_NAME, CATEGORY) VALUES ('11.1', 'BMW', 'I series', 'Adrenaline Collection');

-- Mercedes models
INSERT INTO "CARTOCRI"."BRAND" (BRAND_ID, BRAND_NAME, MODEL_NAME, CATEGORY) VALUES ('12', 'Mercedes', 'A class', 'Hatchback');
INSERT INTO "CARTOCRI"."BRAND" (BRAND_ID, BRAND_NAME, MODEL_NAME, CATEGORY) VALUES ('13', 'Mercedes', 'B class', 'Hatchback');
INSERT INTO "CARTOCRI"."BRAND" (BRAND_ID, BRAND_NAME, MODEL_NAME, CATEGORY) VALUES ('14', 'Mercedes', 'C class', 'Sedan');
INSERT INTO "CARTOCRI"."BRAND" (BRAND_ID, BRAND_NAME, MODEL_NAME, CATEGORY) VALUES ('14.1', 'Mercedes', 'C class', 'Estate');
INSERT INTO "CARTOCRI"."BRAND" (BRAND_ID, BRAND_NAME, MODEL_NAME, CATEGORY) VALUES ('14.2', 'Mercedes', 'C class', 'Coupe');
INSERT INTO "CARTOCRI"."BRAND" (BRAND_ID, BRAND_NAME, MODEL_NAME, CATEGORY) VALUES ('15', 'Mercedes', 'CLS class', 'Estate');
INSERT INTO "CARTOCRI"."BRAND" (BRAND_ID, BRAND_NAME, MODEL_NAME, CATEGORY) VALUES ('15.1', 'Mercedes', 'CLS class', 'Coupe');
INSERT INTO "CARTOCRI"."BRAND" (BRAND_ID, BRAND_NAME, MODEL_NAME, CATEGORY) VALUES ('16', 'Mercedes', 'E class', 'Sedan');
INSERT INTO "CARTOCRI"."BRAND" (BRAND_ID, BRAND_NAME, MODEL_NAME, CATEGORY) VALUES ('16.1', 'Mercedes', 'E class', 'Hatchback');
INSERT INTO "CARTOCRI"."BRAND" (BRAND_ID, BRAND_NAME, MODEL_NAME, CATEGORY) VALUES ('16.2', 'Mercedes', 'E class', 'Estate');
INSERT INTO "CARTOCRI"."BRAND" (BRAND_ID, BRAND_NAME, MODEL_NAME, CATEGORY) VALUES ('16.3', 'Mercedes', 'E class', 'Coupe');
INSERT INTO "CARTOCRI"."BRAND" (BRAND_ID, BRAND_NAME, MODEL_NAME, CATEGORY) VALUES ('16.4', 'Mercedes', 'E class', 'Convertible');
INSERT INTO "CARTOCRI"."BRAND" (BRAND_ID, BRAND_NAME, MODEL_NAME, CATEGORY) VALUES ('17', 'Mercedes', 'G class', 'SUV');
INSERT INTO "CARTOCRI"."BRAND" (BRAND_ID, BRAND_NAME, MODEL_NAME, CATEGORY) VALUES ('17.1', 'Mercedes', 'G class', 'Convertible');
INSERT INTO "CARTOCRI"."BRAND" (BRAND_ID, BRAND_NAME, MODEL_NAME, CATEGORY) VALUES ('18', 'Mercedes', 'GL class', 'SUV');
INSERT INTO "CARTOCRI"."BRAND" (BRAND_ID, BRAND_NAME, MODEL_NAME, CATEGORY) VALUES ('19', 'Mercedes', 'GLK class', 'SUV');
INSERT INTO "CARTOCRI"."BRAND" (BRAND_ID, BRAND_NAME, MODEL_NAME, CATEGORY) VALUES ('20', 'Mercedes', 'GLA class', 'SUV');
INSERT INTO "CARTOCRI"."BRAND" (BRAND_ID, BRAND_NAME, MODEL_NAME, CATEGORY) VALUES ('21', 'Mercedes', 'M class', 'Prestige Collection');
INSERT INTO "CARTOCRI"."BRAND" (BRAND_ID, BRAND_NAME, MODEL_NAME, CATEGORY) VALUES ('22', 'Mercedes', 'S class', 'Prestige Collection');
INSERT INTO "CARTOCRI"."BRAND" (BRAND_ID, BRAND_NAME, MODEL_NAME, CATEGORY) VALUES ('23', 'Mercedes', 'SL class', 'Prestige Collection');
INSERT INTO "CARTOCRI"."BRAND" (BRAND_ID, BRAND_NAME, MODEL_NAME, CATEGORY) VALUES ('24', 'Mercedes', 'SLK class', 'Prestige Collection');
INSERT INTO "CARTOCRI"."BRAND" (BRAND_ID, BRAND_NAME, MODEL_NAME, CATEGORY) VALUES ('25', 'Mercedes', 'SLS class', 'Adrenaline Collection');
INSERT INTO "CARTOCRI"."BRAND" (BRAND_ID, BRAND_NAME, MODEL_NAME, CATEGORY) VALUES ('26', 'Mercedes', 'AMG GT class', 'Adrenaline Collection');
INSERT INTO "CARTOCRI"."BRAND" (BRAND_ID, BRAND_NAME, MODEL_NAME, CATEGORY) VALUES ('27', 'Mercedes', 'V class', 'Van');

-- Toyota models
INSERT INTO "CARTOCRI"."BRAND" (BRAND_ID, BRAND_NAME, MODEL_NAME, CATEGORY) VALUES ('28', 'Toyota', 'Prius', 'Hybrid');

-- Cadillac models
INSERT INTO "CARTOCRI"."BRAND" (BRAND_ID, BRAND_NAME, MODEL_NAME, CATEGORY) VALUES ('29', 'Cadillac', 'Escalade', 'Prestige Collection');

-- Dodge models
INSERT INTO "CARTOCRI"."BRAND" (BRAND_ID, BRAND_NAME, MODEL_NAME, CATEGORY) VALUES ('30', 'Dodge', 'Challenger', 'Adrenaline Collection');
INSERT INTO "CARTOCRI"."BRAND" (BRAND_ID, BRAND_NAME, MODEL_NAME, CATEGORY) VALUES ('30.1', 'Dodge', 'Sprinter', 'Van');

-- Ford models
INSERT INTO "CARTOCRI"."BRAND" (BRAND_ID, BRAND_NAME, MODEL_NAME, CATEGORY) VALUES ('31', 'Ford', 'Mustang', 'Adrenaline Collection');
INSERT INTO "CARTOCRI"."BRAND" (BRAND_ID, BRAND_NAME, MODEL_NAME, CATEGORY) VALUES ('31.1', 'Ford', 'Explorer', 'SUV');

-- Chevrolet models
INSERT INTO "CARTOCRI"."BRAND" (BRAND_ID, BRAND_NAME, MODEL_NAME, CATEGORY) VALUES ('32', 'Chevrolet', 'Camaro', 'Adrenaline Collection');
INSERT INTO "CARTOCRI"."BRAND" (BRAND_ID, BRAND_NAME, MODEL_NAME, CATEGORY) VALUES ('33', 'Chevrolet', 'Corvette', 'Adrenaline Collection');

-- Ferrari models
INSERT INTO "CARTOCRI"."BRAND" (BRAND_ID, BRAND_NAME, MODEL_NAME, CATEGORY) VALUES ('34', 'Ferrari', '458 Spider', 'Dream Cars');
INSERT INTO "CARTOCRI"."BRAND" (BRAND_ID, BRAND_NAME, MODEL_NAME, CATEGORY) VALUES ('35', 'Ferrari', 'FF', 'Dream Cars');

-- Maserati models
INSERT INTO "CARTOCRI"."BRAND" (BRAND_ID, BRAND_NAME, MODEL_NAME, CATEGORY) VALUES ('36', 'Maserati', 'Ghibli', 'Dream Cars');

-- Bugatti models
INSERT INTO "CARTOCRI"."BRAND" (BRAND_ID, BRAND_NAME, MODEL_NAME, CATEGORY) VALUES ('37', 'Bugatti', 'Veyron', 'Dream Cars');

-- Lamborghini models
INSERT INTO "CARTOCRI"."BRAND" (BRAND_ID, BRAND_NAME, MODEL_NAME, CATEGORY) VALUES ('38', 'Lamborghini', 'Veneno Roadster', 'Dream Cars');

-- Rolls-Royce models
INSERT INTO "CARTOCRI"."BRAND" (BRAND_ID, BRAND_NAME, MODEL_NAME, CATEGORY) VALUES ('39', 'Rolls-Royce', ' Phantom ', 'Dream Cars');

-- Aston Martin models
INSERT INTO "CARTOCRI"."BRAND" (BRAND_ID, BRAND_NAME, MODEL_NAME, CATEGORY) VALUES ('40', 'Aston Martin', ' Vanquish', 'Dream Cars');

-- Jeep models
INSERT INTO "CARTOCRI"."BRAND" (BRAND_ID, BRAND_NAME, MODEL_NAME, CATEGORY) VALUES ('41', 'Jeep', ' Wrangler', 'SUV');


		--Insurance type
INSERT INTO "CARTOCRI"."INSURANCE" (INSURANCE_ID, INS_TYPE) VALUES ('1', 'Full Cover');
INSERT INTO "CARTOCRI"."INSURANCE" (INSURANCE_ID, INS_TYPE) VALUES ('2', 'Partial Cover');

		--Gadget type
INSERT INTO "CARTOCRI"."GADGET" (GADGET_ID, GAD_TYPE) VALUES ('1', 'GPS');
INSERT INTO "CARTOCRI"."GADGET" (GADGET_ID, GAD_TYPE) VALUES ('2', 'Child Seats');
INSERT INTO "CARTOCRI"."GADGET" (GADGET_ID, GAD_TYPE) VALUES ('3', 'Satelite Radio');

		--Vehicle data
INSERT INTO "CARTOCRI"."VEHICLES" (VEHICLE_ID, BRAND_ID, VEHICLE_CURRENT_KM, CAR_ENGINE_SIZE, PRICE) VALUES ('1', '1', '3293', '1.7', '119') ;
INSERT INTO "CARTOCRI"."VEHICLES" (VEHICLE_ID, BRAND_ID, VEHICLE_CURRENT_KM, CAR_ENGINE_SIZE, PRICE) VALUES ('2', '1.1', '3133', '5.0', '268') ;
INSERT INTO "CARTOCRI"."VEHICLES" (VEHICLE_ID, BRAND_ID, VEHICLE_CURRENT_KM, CAR_ENGINE_SIZE, PRICE) VALUES ('3', '1.2', '9715', '4.0', '200') ;
INSERT INTO "CARTOCRI"."VEHICLES" (VEHICLE_ID, BRAND_ID, VEHICLE_CURRENT_KM, CAR_ENGINE_SIZE, PRICE) VALUES ('4', '2', '5467', '1.5', '193') ;
INSERT INTO "CARTOCRI"."VEHICLES" (VEHICLE_ID, BRAND_ID, VEHICLE_CURRENT_KM, CAR_ENGINE_SIZE, PRICE) VALUES ('5', '2.1', '274', '1.5', '192') ;
INSERT INTO "CARTOCRI"."VEHICLES" (VEHICLE_ID, BRAND_ID, VEHICLE_CURRENT_KM, CAR_ENGINE_SIZE, PRICE) VALUES ('6', '2.2', '9593', '2.0', '188') ;
INSERT INTO "CARTOCRI"."VEHICLES" (VEHICLE_ID, BRAND_ID, VEHICLE_CURRENT_KM, CAR_ENGINE_SIZE, PRICE) VALUES ('7', '2.3', '4534', '4.2', '208') ;
INSERT INTO "CARTOCRI"."VEHICLES" (VEHICLE_ID, BRAND_ID, VEHICLE_CURRENT_KM, CAR_ENGINE_SIZE, PRICE) VALUES ('8', '3', '755', '2.2', '118') ;
INSERT INTO "CARTOCRI"."VEHICLES" (VEHICLE_ID, BRAND_ID, VEHICLE_CURRENT_KM, CAR_ENGINE_SIZE, PRICE) VALUES ('9', '3.1', '6145', '2.5', '165') ;
INSERT INTO "CARTOCRI"."VEHICLES" (VEHICLE_ID, BRAND_ID, VEHICLE_CURRENT_KM, CAR_ENGINE_SIZE, PRICE) VALUES ('10', '3.2', '6955', '2.5', '190') ;
INSERT INTO "CARTOCRI"."VEHICLES" (VEHICLE_ID, BRAND_ID, VEHICLE_CURRENT_KM, CAR_ENGINE_SIZE, PRICE) VALUES ('11', '4', '4590', '2.2', '199') ;
INSERT INTO "CARTOCRI"."VEHICLES" (VEHICLE_ID, BRAND_ID, VEHICLE_CURRENT_KM, CAR_ENGINE_SIZE, PRICE) VALUES ('12', '4.1', '4966', '2.0', '106') ;
INSERT INTO "CARTOCRI"."VEHICLES" (VEHICLE_ID, BRAND_ID, VEHICLE_CURRENT_KM, CAR_ENGINE_SIZE, PRICE) VALUES ('13', '5', '7548', '4.2', '154') ;
INSERT INTO "CARTOCRI"."VEHICLES" (VEHICLE_ID, BRAND_ID, VEHICLE_CURRENT_KM, CAR_ENGINE_SIZE, PRICE) VALUES ('14', '5.1', '1196', '4.0', '104') ;
INSERT INTO "CARTOCRI"."VEHICLES" (VEHICLE_ID, BRAND_ID, VEHICLE_CURRENT_KM, CAR_ENGINE_SIZE, PRICE) VALUES ('15', '5.2', '7959', '3.5', '124') ;
INSERT INTO "CARTOCRI"."VEHICLES" (VEHICLE_ID, BRAND_ID, VEHICLE_CURRENT_KM, CAR_ENGINE_SIZE, PRICE) VALUES ('16', '6', '8292', '2.2', '182') ;
INSERT INTO "CARTOCRI"."VEHICLES" (VEHICLE_ID, BRAND_ID, VEHICLE_CURRENT_KM, CAR_ENGINE_SIZE, PRICE) VALUES ('17', '6.1', '170', '5.0', '156') ;
INSERT INTO "CARTOCRI"."VEHICLES" (VEHICLE_ID, BRAND_ID, VEHICLE_CURRENT_KM, CAR_ENGINE_SIZE, PRICE) VALUES ('18', '7', '6510', '4.2', '300') ;
INSERT INTO "CARTOCRI"."VEHICLES" (VEHICLE_ID, BRAND_ID, VEHICLE_CURRENT_KM, CAR_ENGINE_SIZE, PRICE) VALUES ('19', '7.1', '2882', '1.5', '138') ;
INSERT INTO "CARTOCRI"."VEHICLES" (VEHICLE_ID, BRAND_ID, VEHICLE_CURRENT_KM, CAR_ENGINE_SIZE, PRICE) VALUES ('20', '8', '639', '4.2', '109') ;
INSERT INTO "CARTOCRI"."VEHICLES" (VEHICLE_ID, BRAND_ID, VEHICLE_CURRENT_KM, CAR_ENGINE_SIZE, PRICE) VALUES ('21', '8.1', '5630', '2.2', '233') ;
INSERT INTO "CARTOCRI"."VEHICLES" (VEHICLE_ID, BRAND_ID, VEHICLE_CURRENT_KM, CAR_ENGINE_SIZE, PRICE) VALUES ('22', '8.2', '4090', '2.5', '216') ;
INSERT INTO "CARTOCRI"."VEHICLES" (VEHICLE_ID, BRAND_ID, VEHICLE_CURRENT_KM, CAR_ENGINE_SIZE, PRICE) VALUES ('23', '8.3', '8574', '2.0', '220') ;
INSERT INTO "CARTOCRI"."VEHICLES" (VEHICLE_ID, BRAND_ID, VEHICLE_CURRENT_KM, CAR_ENGINE_SIZE, PRICE) VALUES ('24', '8.4', '5967', '5.0', '140') ;
INSERT INTO "CARTOCRI"."VEHICLES" (VEHICLE_ID, BRAND_ID, VEHICLE_CURRENT_KM, CAR_ENGINE_SIZE, PRICE) VALUES ('25', '9', '2360', '5.0', '239') ;
INSERT INTO "CARTOCRI"."VEHICLES" (VEHICLE_ID, BRAND_ID, VEHICLE_CURRENT_KM, CAR_ENGINE_SIZE, PRICE) VALUES ('26', '10', '6424', '4.2', '286') ;
INSERT INTO "CARTOCRI"."VEHICLES" (VEHICLE_ID, BRAND_ID, VEHICLE_CURRENT_KM, CAR_ENGINE_SIZE, PRICE) VALUES ('27', '10.1', '6473', '4.2', '154') ;
INSERT INTO "CARTOCRI"."VEHICLES" (VEHICLE_ID, BRAND_ID, VEHICLE_CURRENT_KM, CAR_ENGINE_SIZE, PRICE) VALUES ('28', '10.2', '2838', '2.2', '261') ;
INSERT INTO "CARTOCRI"."VEHICLES" (VEHICLE_ID, BRAND_ID, VEHICLE_CURRENT_KM, CAR_ENGINE_SIZE, PRICE) VALUES ('29', '10.3', '8812', '4.0', '280') ;
INSERT INTO "CARTOCRI"."VEHICLES" (VEHICLE_ID, BRAND_ID, VEHICLE_CURRENT_KM, CAR_ENGINE_SIZE, PRICE) VALUES ('30', '10.4', '5367', '5.0', '300') ;
INSERT INTO "CARTOCRI"."VEHICLES" (VEHICLE_ID, BRAND_ID, VEHICLE_CURRENT_KM, CAR_ENGINE_SIZE, PRICE) VALUES ('31', '10.5', '415', '4.2', '143') ;
INSERT INTO "CARTOCRI"."VEHICLES" (VEHICLE_ID, BRAND_ID, VEHICLE_CURRENT_KM, CAR_ENGINE_SIZE, PRICE) VALUES ('32', '10.6', '2214', '3.0', '110') ;
INSERT INTO "CARTOCRI"."VEHICLES" (VEHICLE_ID, BRAND_ID, VEHICLE_CURRENT_KM, CAR_ENGINE_SIZE, PRICE) VALUES ('33', '10.7', '2544', '5.0', '195') ;
INSERT INTO "CARTOCRI"."VEHICLES" (VEHICLE_ID, BRAND_ID, VEHICLE_CURRENT_KM, CAR_ENGINE_SIZE, PRICE) VALUES ('34', '11', '6166', '2.5', '260') ;
INSERT INTO "CARTOCRI"."VEHICLES" (VEHICLE_ID, BRAND_ID, VEHICLE_CURRENT_KM, CAR_ENGINE_SIZE, PRICE) VALUES ('35', '11.1', '1942', '1.7', '282') ;
INSERT INTO "CARTOCRI"."VEHICLES" (VEHICLE_ID, BRAND_ID, VEHICLE_CURRENT_KM, CAR_ENGINE_SIZE, PRICE) VALUES ('36', '12', '5367', '2.0', '273') ;
INSERT INTO "CARTOCRI"."VEHICLES" (VEHICLE_ID, BRAND_ID, VEHICLE_CURRENT_KM, CAR_ENGINE_SIZE, PRICE) VALUES ('37', '13', '4494', '1.7', '287') ;
INSERT INTO "CARTOCRI"."VEHICLES" (VEHICLE_ID, BRAND_ID, VEHICLE_CURRENT_KM, CAR_ENGINE_SIZE, PRICE) VALUES ('38', '14', '1500', '4.2', '182') ;
INSERT INTO "CARTOCRI"."VEHICLES" (VEHICLE_ID, BRAND_ID, VEHICLE_CURRENT_KM, CAR_ENGINE_SIZE, PRICE) VALUES ('39', '14.1', '6244', '3.5', '247') ;
INSERT INTO "CARTOCRI"."VEHICLES" (VEHICLE_ID, BRAND_ID, VEHICLE_CURRENT_KM, CAR_ENGINE_SIZE, PRICE) VALUES ('40', '14.2', '1868', '5.0', '142') ;
INSERT INTO "CARTOCRI"."VEHICLES" (VEHICLE_ID, BRAND_ID, VEHICLE_CURRENT_KM, CAR_ENGINE_SIZE, PRICE) VALUES ('41', '15', '5069', '4.0', '112') ;
INSERT INTO "CARTOCRI"."VEHICLES" (VEHICLE_ID, BRAND_ID, VEHICLE_CURRENT_KM, CAR_ENGINE_SIZE, PRICE) VALUES ('42', '15.1', '1109', '2.0', '138') ;
INSERT INTO "CARTOCRI"."VEHICLES" (VEHICLE_ID, BRAND_ID, VEHICLE_CURRENT_KM, CAR_ENGINE_SIZE, PRICE) VALUES ('43', '16', '9542', '5.0', '228') ;
INSERT INTO "CARTOCRI"."VEHICLES" (VEHICLE_ID, BRAND_ID, VEHICLE_CURRENT_KM, CAR_ENGINE_SIZE, PRICE) VALUES ('44', '16.1', '973', '3.0', '235') ;
INSERT INTO "CARTOCRI"."VEHICLES" (VEHICLE_ID, BRAND_ID, VEHICLE_CURRENT_KM, CAR_ENGINE_SIZE, PRICE) VALUES ('45', '16.2', '3950', '2.5', '101') ;
INSERT INTO "CARTOCRI"."VEHICLES" (VEHICLE_ID, BRAND_ID, VEHICLE_CURRENT_KM, CAR_ENGINE_SIZE, PRICE) VALUES ('46', '16.3', '4390', '1.7', '258') ;
INSERT INTO "CARTOCRI"."VEHICLES" (VEHICLE_ID, BRAND_ID, VEHICLE_CURRENT_KM, CAR_ENGINE_SIZE, PRICE) VALUES ('47', '16.4', '8126', '1.5', '135') ;
INSERT INTO "CARTOCRI"."VEHICLES" (VEHICLE_ID, BRAND_ID, VEHICLE_CURRENT_KM, CAR_ENGINE_SIZE, PRICE) VALUES ('48', '17', '8423', '3.5', '235') ;
INSERT INTO "CARTOCRI"."VEHICLES" (VEHICLE_ID, BRAND_ID, VEHICLE_CURRENT_KM, CAR_ENGINE_SIZE, PRICE) VALUES ('49', '17.1', '2745', '3.5', '114') ;
INSERT INTO "CARTOCRI"."VEHICLES" (VEHICLE_ID, BRAND_ID, VEHICLE_CURRENT_KM, CAR_ENGINE_SIZE, PRICE) VALUES ('50', '18', '4578', '3.0', '197') ;
INSERT INTO "CARTOCRI"."VEHICLES" (VEHICLE_ID, BRAND_ID, VEHICLE_CURRENT_KM, CAR_ENGINE_SIZE, PRICE) VALUES ('51', '19', '3304', '1.7', '147') ;
INSERT INTO "CARTOCRI"."VEHICLES" (VEHICLE_ID, BRAND_ID, VEHICLE_CURRENT_KM, CAR_ENGINE_SIZE, PRICE) VALUES ('52', '20', '3086', '3.0', '297') ;
INSERT INTO "CARTOCRI"."VEHICLES" (VEHICLE_ID, BRAND_ID, VEHICLE_CURRENT_KM, CAR_ENGINE_SIZE, PRICE) VALUES ('53', '21', '8713', '4.0', '289') ;
INSERT INTO "CARTOCRI"."VEHICLES" (VEHICLE_ID, BRAND_ID, VEHICLE_CURRENT_KM, CAR_ENGINE_SIZE, PRICE) VALUES ('54', '22', '7840', '4.0', '163') ;
INSERT INTO "CARTOCRI"."VEHICLES" (VEHICLE_ID, BRAND_ID, VEHICLE_CURRENT_KM, CAR_ENGINE_SIZE, PRICE) VALUES ('55', '23', '5282', '3.0', '233') ;
INSERT INTO "CARTOCRI"."VEHICLES" (VEHICLE_ID, BRAND_ID, VEHICLE_CURRENT_KM, CAR_ENGINE_SIZE, PRICE) VALUES ('56', '24', '2905', '3.5', '249') ;
INSERT INTO "CARTOCRI"."VEHICLES" (VEHICLE_ID, BRAND_ID, VEHICLE_CURRENT_KM, CAR_ENGINE_SIZE, PRICE) VALUES ('57', '25', '2580', '4.2', '280') ;
INSERT INTO "CARTOCRI"."VEHICLES" (VEHICLE_ID, BRAND_ID, VEHICLE_CURRENT_KM, CAR_ENGINE_SIZE, PRICE) VALUES ('58', '26', '1519', '2.2', '140') ;
INSERT INTO "CARTOCRI"."VEHICLES" (VEHICLE_ID, BRAND_ID, VEHICLE_CURRENT_KM, CAR_ENGINE_SIZE, PRICE) VALUES ('59', '27', '2264', '3.5', '300') ;
INSERT INTO "CARTOCRI"."VEHICLES" (VEHICLE_ID, BRAND_ID, VEHICLE_CURRENT_KM, CAR_ENGINE_SIZE, PRICE) VALUES ('60', '28', '7282', '4.0', '235') ;
INSERT INTO "CARTOCRI"."VEHICLES" (VEHICLE_ID, BRAND_ID, VEHICLE_CURRENT_KM, CAR_ENGINE_SIZE, PRICE) VALUES ('61', '29', '8540', '3.0', '298') ;
INSERT INTO "CARTOCRI"."VEHICLES" (VEHICLE_ID, BRAND_ID, VEHICLE_CURRENT_KM, CAR_ENGINE_SIZE, PRICE) VALUES ('62', '30', '3430', '2.0', '171') ;
INSERT INTO "CARTOCRI"."VEHICLES" (VEHICLE_ID, BRAND_ID, VEHICLE_CURRENT_KM, CAR_ENGINE_SIZE, PRICE) VALUES ('63', '30.1', '920', '2.0', '131') ;
INSERT INTO "CARTOCRI"."VEHICLES" (VEHICLE_ID, BRAND_ID, VEHICLE_CURRENT_KM, CAR_ENGINE_SIZE, PRICE) VALUES ('64', '31', '1021', '3.0', '270') ;
INSERT INTO "CARTOCRI"."VEHICLES" (VEHICLE_ID, BRAND_ID, VEHICLE_CURRENT_KM, CAR_ENGINE_SIZE, PRICE) VALUES ('65', '31.1', '6737', '1.7', '170') ;
INSERT INTO "CARTOCRI"."VEHICLES" (VEHICLE_ID, BRAND_ID, VEHICLE_CURRENT_KM, CAR_ENGINE_SIZE, PRICE) VALUES ('66', '32', '5296', '2.5', '247') ;
INSERT INTO "CARTOCRI"."VEHICLES" (VEHICLE_ID, BRAND_ID, VEHICLE_CURRENT_KM, CAR_ENGINE_SIZE, PRICE) VALUES ('67', '33', '8083', '3.5', '101') ;
INSERT INTO "CARTOCRI"."VEHICLES" (VEHICLE_ID, BRAND_ID, VEHICLE_CURRENT_KM, CAR_ENGINE_SIZE, PRICE) VALUES ('68', '34', '3256', '4.2', '125') ;
INSERT INTO "CARTOCRI"."VEHICLES" (VEHICLE_ID, BRAND_ID, VEHICLE_CURRENT_KM, CAR_ENGINE_SIZE, PRICE) VALUES ('69', '35', '2314', '1.7', '177') ;
INSERT INTO "CARTOCRI"."VEHICLES" (VEHICLE_ID, BRAND_ID, VEHICLE_CURRENT_KM, CAR_ENGINE_SIZE, PRICE) VALUES ('70', '36', '8668', '2.2', '297') ;
INSERT INTO "CARTOCRI"."VEHICLES" (VEHICLE_ID, BRAND_ID, VEHICLE_CURRENT_KM, CAR_ENGINE_SIZE, PRICE) VALUES ('71', '37', '6591', '5.0', '114') ;
INSERT INTO "CARTOCRI"."VEHICLES" (VEHICLE_ID, BRAND_ID, VEHICLE_CURRENT_KM, CAR_ENGINE_SIZE, PRICE) VALUES ('72', '38', '1805', '2.2', '190') ;
INSERT INTO "CARTOCRI"."VEHICLES" (VEHICLE_ID, BRAND_ID, VEHICLE_CURRENT_KM, CAR_ENGINE_SIZE, PRICE) VALUES ('73', '39', '6129', '3.5', '145') ;
INSERT INTO "CARTOCRI"."VEHICLES" (VEHICLE_ID, BRAND_ID, VEHICLE_CURRENT_KM, CAR_ENGINE_SIZE, PRICE) VALUES ('74', '40', '1280', '1.7', '160') ;
INSERT INTO "CARTOCRI"."VEHICLES" (VEHICLE_ID, BRAND_ID, VEHICLE_CURRENT_KM, CAR_ENGINE_SIZE, PRICE) VALUES ('75', '41', '8252', '2.0', '137') ;


INSERT INTO "CARTOCRI"."VEHICLES" (VEHICLE_ID, BRAND_ID, VEHICLE_CURRENT_KM, CAR_ENGINE_SIZE, PRICE) VALUES ('76', '14.2', '4676', '4.0', '268') ;
INSERT INTO "CARTOCRI"."VEHICLES" (VEHICLE_ID, BRAND_ID, VEHICLE_CURRENT_KM, CAR_ENGINE_SIZE, PRICE) VALUES ('77', '31', '8987', '1.5', '273') ;
INSERT INTO "CARTOCRI"."VEHICLES" (VEHICLE_ID, BRAND_ID, VEHICLE_CURRENT_KM, CAR_ENGINE_SIZE, PRICE) VALUES ('78', '5.2', '8919', '2.2', '142') ;
INSERT INTO "CARTOCRI"."VEHICLES" (VEHICLE_ID, BRAND_ID, VEHICLE_CURRENT_KM, CAR_ENGINE_SIZE, PRICE) VALUES ('79', '6', '3568', '4.0', '242') ;
INSERT INTO "CARTOCRI"."VEHICLES" (VEHICLE_ID, BRAND_ID, VEHICLE_CURRENT_KM, CAR_ENGINE_SIZE, PRICE) VALUES ('80', '2.3', '1192', '3.0', '152') ;
INSERT INTO "CARTOCRI"."VEHICLES" (VEHICLE_ID, BRAND_ID, VEHICLE_CURRENT_KM, CAR_ENGINE_SIZE, PRICE) VALUES ('81', '10', '6150', '2.5', '215') ;
INSERT INTO "CARTOCRI"."VEHICLES" (VEHICLE_ID, BRAND_ID, VEHICLE_CURRENT_KM, CAR_ENGINE_SIZE, PRICE) VALUES ('82', '2', '1347', '4.0', '296') ;
INSERT INTO "CARTOCRI"."VEHICLES" (VEHICLE_ID, BRAND_ID, VEHICLE_CURRENT_KM, CAR_ENGINE_SIZE, PRICE) VALUES ('83', '14.1', '8149', '2.5', '193') ;
INSERT INTO "CARTOCRI"."VEHICLES" (VEHICLE_ID, BRAND_ID, VEHICLE_CURRENT_KM, CAR_ENGINE_SIZE, PRICE) VALUES ('84', '8.1', '5239', '4.2', '249') ;
INSERT INTO "CARTOCRI"."VEHICLES" (VEHICLE_ID, BRAND_ID, VEHICLE_CURRENT_KM, CAR_ENGINE_SIZE, PRICE) VALUES ('85', '18', '2172', '2.0', '266') ;
INSERT INTO "CARTOCRI"."VEHICLES" (VEHICLE_ID, BRAND_ID, VEHICLE_CURRENT_KM, CAR_ENGINE_SIZE, PRICE) VALUES ('86', '24', '1978', '1.7', '175') ;
INSERT INTO "CARTOCRI"."VEHICLES" (VEHICLE_ID, BRAND_ID, VEHICLE_CURRENT_KM, CAR_ENGINE_SIZE, PRICE) VALUES ('87', '10.3', '2751', '2.2', '147') ;
INSERT INTO "CARTOCRI"."VEHICLES" (VEHICLE_ID, BRAND_ID, VEHICLE_CURRENT_KM, CAR_ENGINE_SIZE, PRICE) VALUES ('88', '20', '5978', '2.0', '288') ;
INSERT INTO "CARTOCRI"."VEHICLES" (VEHICLE_ID, BRAND_ID, VEHICLE_CURRENT_KM, CAR_ENGINE_SIZE, PRICE) VALUES ('89', '16.1', '6952', '2.2', '131') ;
INSERT INTO "CARTOCRI"."VEHICLES" (VEHICLE_ID, BRAND_ID, VEHICLE_CURRENT_KM, CAR_ENGINE_SIZE, PRICE) VALUES ('90', '22', '3347', '2.0', '257') ;
INSERT INTO "CARTOCRI"."VEHICLES" (VEHICLE_ID, BRAND_ID, VEHICLE_CURRENT_KM, CAR_ENGINE_SIZE, PRICE) VALUES ('91', '10.3', '9924', '3.0', '122') ;
INSERT INTO "CARTOCRI"."VEHICLES" (VEHICLE_ID, BRAND_ID, VEHICLE_CURRENT_KM, CAR_ENGINE_SIZE, PRICE) VALUES ('92', '8.2', '7692', '3.0', '160') ;
INSERT INTO "CARTOCRI"."VEHICLES" (VEHICLE_ID, BRAND_ID, VEHICLE_CURRENT_KM, CAR_ENGINE_SIZE, PRICE) VALUES ('93', '10.4', '4271', '2.5', '286') ;
INSERT INTO "CARTOCRI"."VEHICLES" (VEHICLE_ID, BRAND_ID, VEHICLE_CURRENT_KM, CAR_ENGINE_SIZE, PRICE) VALUES ('94', '40', '7152', '2.5', '248') ;
INSERT INTO "CARTOCRI"."VEHICLES" (VEHICLE_ID, BRAND_ID, VEHICLE_CURRENT_KM, CAR_ENGINE_SIZE, PRICE) VALUES ('95', '2.2', '8245', '1.5', '187') ;
INSERT INTO "CARTOCRI"."VEHICLES" (VEHICLE_ID, BRAND_ID, VEHICLE_CURRENT_KM, CAR_ENGINE_SIZE, PRICE) VALUES ('96', '36', '799', '4.0', '158') ;
INSERT INTO "CARTOCRI"."VEHICLES" (VEHICLE_ID, BRAND_ID, VEHICLE_CURRENT_KM, CAR_ENGINE_SIZE, PRICE) VALUES ('97', '23', '6214', '2.5', '267') ;
INSERT INTO "CARTOCRI"."VEHICLES" (VEHICLE_ID, BRAND_ID, VEHICLE_CURRENT_KM, CAR_ENGINE_SIZE, PRICE) VALUES ('98', '10.7', '9152', '1.7', '271') ;
INSERT INTO "CARTOCRI"."VEHICLES" (VEHICLE_ID, BRAND_ID, VEHICLE_CURRENT_KM, CAR_ENGINE_SIZE, PRICE) VALUES ('99', '15.1', '2278', '4.0', '290') ;
INSERT INTO "CARTOCRI"."VEHICLES" (VEHICLE_ID, BRAND_ID, VEHICLE_CURRENT_KM, CAR_ENGINE_SIZE, PRICE) VALUES ('100', '23', '8769', '1.7', '173') ;
INSERT INTO "CARTOCRI"."VEHICLES" (VEHICLE_ID, BRAND_ID, VEHICLE_CURRENT_KM, CAR_ENGINE_SIZE, PRICE) VALUES ('101', '2.1', '7457', '2.0', '276') ;
INSERT INTO "CARTOCRI"."VEHICLES" (VEHICLE_ID, BRAND_ID, VEHICLE_CURRENT_KM, CAR_ENGINE_SIZE, PRICE) VALUES ('102', '10.7', '4034', '4.0', '287') ;
INSERT INTO "CARTOCRI"."VEHICLES" (VEHICLE_ID, BRAND_ID, VEHICLE_CURRENT_KM, CAR_ENGINE_SIZE, PRICE) VALUES ('103', '1', '790', '2.0', '201') ;
INSERT INTO "CARTOCRI"."VEHICLES" (VEHICLE_ID, BRAND_ID, VEHICLE_CURRENT_KM, CAR_ENGINE_SIZE, PRICE) VALUES ('104', '7.1', '1403', '1.5', '235') ;
INSERT INTO "CARTOCRI"."VEHICLES" (VEHICLE_ID, BRAND_ID, VEHICLE_CURRENT_KM, CAR_ENGINE_SIZE, PRICE) VALUES ('105', '16.3', '4815', '4.0', '138') ;
INSERT INTO "CARTOCRI"."VEHICLES" (VEHICLE_ID, BRAND_ID, VEHICLE_CURRENT_KM, CAR_ENGINE_SIZE, PRICE) VALUES ('106', '1.1', '4358', '1.5', '125') ;
INSERT INTO "CARTOCRI"."VEHICLES" (VEHICLE_ID, BRAND_ID, VEHICLE_CURRENT_KM, CAR_ENGINE_SIZE, PRICE) VALUES ('107', '10.7', '6511', '1.7', '259') ;
INSERT INTO "CARTOCRI"."VEHICLES" (VEHICLE_ID, BRAND_ID, VEHICLE_CURRENT_KM, CAR_ENGINE_SIZE, PRICE) VALUES ('108', '37', '7980', '4.2', '113') ;
INSERT INTO "CARTOCRI"."VEHICLES" (VEHICLE_ID, BRAND_ID, VEHICLE_CURRENT_KM, CAR_ENGINE_SIZE, PRICE) VALUES ('109', '38', '6264', '2.5', '280') ;
INSERT INTO "CARTOCRI"."VEHICLES" (VEHICLE_ID, BRAND_ID, VEHICLE_CURRENT_KM, CAR_ENGINE_SIZE, PRICE) VALUES ('110', '2.2', '4278', '1.7', '275') ;
INSERT INTO "CARTOCRI"."VEHICLES" (VEHICLE_ID, BRAND_ID, VEHICLE_CURRENT_KM, CAR_ENGINE_SIZE, PRICE) VALUES ('111', '10.5', '2248', '1.5', '209') ;
INSERT INTO "CARTOCRI"."VEHICLES" (VEHICLE_ID, BRAND_ID, VEHICLE_CURRENT_KM, CAR_ENGINE_SIZE, PRICE) VALUES ('112', '1.1', '5807', '2.0', '232') ;
INSERT INTO "CARTOCRI"."VEHICLES" (VEHICLE_ID, BRAND_ID, VEHICLE_CURRENT_KM, CAR_ENGINE_SIZE, PRICE) VALUES ('113', '30', '4339', '1.7', '199') ;
INSERT INTO "CARTOCRI"."VEHICLES" (VEHICLE_ID, BRAND_ID, VEHICLE_CURRENT_KM, CAR_ENGINE_SIZE, PRICE) VALUES ('114', '10.1', '9548', '5.0', '271') ;
INSERT INTO "CARTOCRI"."VEHICLES" (VEHICLE_ID, BRAND_ID, VEHICLE_CURRENT_KM, CAR_ENGINE_SIZE, PRICE) VALUES ('115', '35', '751', '4.2', '141') ;
INSERT INTO "CARTOCRI"."VEHICLES" (VEHICLE_ID, BRAND_ID, VEHICLE_CURRENT_KM, CAR_ENGINE_SIZE, PRICE) VALUES ('116', '1.2', '8909', '5.0', '118') ;
INSERT INTO "CARTOCRI"."VEHICLES" (VEHICLE_ID, BRAND_ID, VEHICLE_CURRENT_KM, CAR_ENGINE_SIZE, PRICE) VALUES ('117', '34', '3909', '3.5', '206') ;
INSERT INTO "CARTOCRI"."VEHICLES" (VEHICLE_ID, BRAND_ID, VEHICLE_CURRENT_KM, CAR_ENGINE_SIZE, PRICE) VALUES ('118', '10.7', '3379', '3.0', '295') ;
INSERT INTO "CARTOCRI"."VEHICLES" (VEHICLE_ID, BRAND_ID, VEHICLE_CURRENT_KM, CAR_ENGINE_SIZE, PRICE) VALUES ('119', '35', '8990', '2.5', '184') ;
INSERT INTO "CARTOCRI"."VEHICLES" (VEHICLE_ID, BRAND_ID, VEHICLE_CURRENT_KM, CAR_ENGINE_SIZE, PRICE) VALUES ('120', '8.4', '9284', '2.5', '230') ;
INSERT INTO "CARTOCRI"."VEHICLES" (VEHICLE_ID, BRAND_ID, VEHICLE_CURRENT_KM, CAR_ENGINE_SIZE, PRICE) VALUES ('121', '30', '4253', '2.2', '142') ;
INSERT INTO "CARTOCRI"."VEHICLES" (VEHICLE_ID, BRAND_ID, VEHICLE_CURRENT_KM, CAR_ENGINE_SIZE, PRICE) VALUES ('122', '21', '8730', '2.2', '200') ;
INSERT INTO "CARTOCRI"."VEHICLES" (VEHICLE_ID, BRAND_ID, VEHICLE_CURRENT_KM, CAR_ENGINE_SIZE, PRICE) VALUES ('123', '40', '6096', '4.2', '117') ;
INSERT INTO "CARTOCRI"."VEHICLES" (VEHICLE_ID, BRAND_ID, VEHICLE_CURRENT_KM, CAR_ENGINE_SIZE, PRICE) VALUES ('124', '16.1', '9951', '4.2', '206') ;
INSERT INTO "CARTOCRI"."VEHICLES" (VEHICLE_ID, BRAND_ID, VEHICLE_CURRENT_KM, CAR_ENGINE_SIZE, PRICE) VALUES ('125', '1.1', '6877', '3.0', '206') ;
INSERT INTO "CARTOCRI"."VEHICLES" (VEHICLE_ID, BRAND_ID, VEHICLE_CURRENT_KM, CAR_ENGINE_SIZE, PRICE) VALUES ('126', '5.2', '8054', '1.7', '138') ;
INSERT INTO "CARTOCRI"."VEHICLES" (VEHICLE_ID, BRAND_ID, VEHICLE_CURRENT_KM, CAR_ENGINE_SIZE, PRICE) VALUES ('127', '41', '9994', '4.0', '128') ;
INSERT INTO "CARTOCRI"."VEHICLES" (VEHICLE_ID, BRAND_ID, VEHICLE_CURRENT_KM, CAR_ENGINE_SIZE, PRICE) VALUES ('128', '10.2', '5444', '3.0', '290') ;
INSERT INTO "CARTOCRI"."VEHICLES" (VEHICLE_ID, BRAND_ID, VEHICLE_CURRENT_KM, CAR_ENGINE_SIZE, PRICE) VALUES ('129', '11', '3914', '4.2', '184') ;
INSERT INTO "CARTOCRI"."VEHICLES" (VEHICLE_ID, BRAND_ID, VEHICLE_CURRENT_KM, CAR_ENGINE_SIZE, PRICE) VALUES ('130', '20', '1286', '2.5', '219') ;
INSERT INTO "CARTOCRI"."VEHICLES" (VEHICLE_ID, BRAND_ID, VEHICLE_CURRENT_KM, CAR_ENGINE_SIZE, PRICE) VALUES ('131', '10.1', '8015', '2.5', '138') ;
INSERT INTO "CARTOCRI"."VEHICLES" (VEHICLE_ID, BRAND_ID, VEHICLE_CURRENT_KM, CAR_ENGINE_SIZE, PRICE) VALUES ('132', '7.1', '3232', '3.5', '140') ;
INSERT INTO "CARTOCRI"."VEHICLES" (VEHICLE_ID, BRAND_ID, VEHICLE_CURRENT_KM, CAR_ENGINE_SIZE, PRICE) VALUES ('133', '15.1', '7041', '2.2', '194') ;
INSERT INTO "CARTOCRI"."VEHICLES" (VEHICLE_ID, BRAND_ID, VEHICLE_CURRENT_KM, CAR_ENGINE_SIZE, PRICE) VALUES ('134', '35', '2056', '3.0', '108') ;
INSERT INTO "CARTOCRI"."VEHICLES" (VEHICLE_ID, BRAND_ID, VEHICLE_CURRENT_KM, CAR_ENGINE_SIZE, PRICE) VALUES ('135', '4.1', '6994', '4.0', '226') ;
INSERT INTO "CARTOCRI"."VEHICLES" (VEHICLE_ID, BRAND_ID, VEHICLE_CURRENT_KM, CAR_ENGINE_SIZE, PRICE) VALUES ('136', '1.2', '4296', '1.7', '247') ;
INSERT INTO "CARTOCRI"."VEHICLES" (VEHICLE_ID, BRAND_ID, VEHICLE_CURRENT_KM, CAR_ENGINE_SIZE, PRICE) VALUES ('137', '27', '925', '3.5', '232') ;
INSERT INTO "CARTOCRI"."VEHICLES" (VEHICLE_ID, BRAND_ID, VEHICLE_CURRENT_KM, CAR_ENGINE_SIZE, PRICE) VALUES ('138', '5', '3889', '2.5', '287') ;
INSERT INTO "CARTOCRI"."VEHICLES" (VEHICLE_ID, BRAND_ID, VEHICLE_CURRENT_KM, CAR_ENGINE_SIZE, PRICE) VALUES ('139', '28', '8756', '4.0', '207') ;
INSERT INTO "CARTOCRI"."VEHICLES" (VEHICLE_ID, BRAND_ID, VEHICLE_CURRENT_KM, CAR_ENGINE_SIZE, PRICE) VALUES ('140', '2.2', '1360', '5.0', '282') ;
INSERT INTO "CARTOCRI"."VEHICLES" (VEHICLE_ID, BRAND_ID, VEHICLE_CURRENT_KM, CAR_ENGINE_SIZE, PRICE) VALUES ('141', '14', '4299', '2.2', '140') ;
INSERT INTO "CARTOCRI"."VEHICLES" (VEHICLE_ID, BRAND_ID, VEHICLE_CURRENT_KM, CAR_ENGINE_SIZE, PRICE) VALUES ('142', '8', '959', '3.0', '240') ;
INSERT INTO "CARTOCRI"."VEHICLES" (VEHICLE_ID, BRAND_ID, VEHICLE_CURRENT_KM, CAR_ENGINE_SIZE, PRICE) VALUES ('143', '3.2', '3735', '2.0', '184') ;
INSERT INTO "CARTOCRI"."VEHICLES" (VEHICLE_ID, BRAND_ID, VEHICLE_CURRENT_KM, CAR_ENGINE_SIZE, PRICE) VALUES ('144', '7.1', '5182', '4.0', '204') ;
INSERT INTO "CARTOCRI"."VEHICLES" (VEHICLE_ID, BRAND_ID, VEHICLE_CURRENT_KM, CAR_ENGINE_SIZE, PRICE) VALUES ('145', '36', '1142', '2.5', '294') ;
INSERT INTO "CARTOCRI"."VEHICLES" (VEHICLE_ID, BRAND_ID, VEHICLE_CURRENT_KM, CAR_ENGINE_SIZE, PRICE) VALUES ('146', '10', '7366', '2.5', '239') ;
INSERT INTO "CARTOCRI"."VEHICLES" (VEHICLE_ID, BRAND_ID, VEHICLE_CURRENT_KM, CAR_ENGINE_SIZE, PRICE) VALUES ('147', '10.7', '5799', '1.5', '146') ;
INSERT INTO "CARTOCRI"."VEHICLES" (VEHICLE_ID, BRAND_ID, VEHICLE_CURRENT_KM, CAR_ENGINE_SIZE, PRICE) VALUES ('148', '2.3', '1740', '1.5', '208') ;
INSERT INTO "CARTOCRI"."VEHICLES" (VEHICLE_ID, BRAND_ID, VEHICLE_CURRENT_KM, CAR_ENGINE_SIZE, PRICE) VALUES ('149', '34', '1344', '4.0', '182') ;
INSERT INTO "CARTOCRI"."VEHICLES" (VEHICLE_ID, BRAND_ID, VEHICLE_CURRENT_KM, CAR_ENGINE_SIZE, PRICE) VALUES ('150', '39', '2497', '1.5', '273') ;

		--Vehicle availability
INSERT INTO "CARTOCRI"."VEH_AV" (VEH_AV_ID, VEHICLE_ID, IS_AVAIL_UNTIL, IS_AVAIL_FROM) VALUES ('1', '70', TO_DATE('2015-1-22 07:00:00', 'YYYY-MM-DD HH24:MI:SS'), TO_DATE('2015-1-15 07:00:00', 'YYYY-MM-DD HH24:MI:SS')) ;
INSERT INTO "CARTOCRI"."VEH_AV" (VEH_AV_ID, VEHICLE_ID, IS_AVAIL_UNTIL, IS_AVAIL_FROM) VALUES ('2', '64', TO_DATE('2015-2-11 07:00:00', 'YYYY-MM-DD HH24:MI:SS'), TO_DATE('2015-2-12 07:00:00', 'YYYY-MM-DD HH24:MI:SS')) ;
INSERT INTO "CARTOCRI"."VEH_AV" (VEH_AV_ID, VEHICLE_ID, IS_AVAIL_UNTIL, IS_AVAIL_FROM) VALUES ('3', '62', TO_DATE('2015-1-3 07:00:00', 'YYYY-MM-DD HH24:MI:SS'), TO_DATE('2015-1-4 07:00:00', 'YYYY-MM-DD HH24:MI:SS')) ;
INSERT INTO "CARTOCRI"."VEH_AV" (VEH_AV_ID, VEHICLE_ID, IS_AVAIL_UNTIL, IS_AVAIL_FROM) VALUES ('4', '75', TO_DATE('2015-2-2 07:00:00', 'YYYY-MM-DD HH24:MI:SS'), TO_DATE('2015-2-9 07:00:00', 'YYYY-MM-DD HH24:MI:SS')) ;
INSERT INTO "CARTOCRI"."VEH_AV" (VEH_AV_ID, VEHICLE_ID, IS_AVAIL_UNTIL, IS_AVAIL_FROM) VALUES ('5', '72', TO_DATE('2015-1-7 07:00:00', 'YYYY-MM-DD HH24:MI:SS'), TO_DATE('2015-1-11 07:00:00', 'YYYY-MM-DD HH24:MI:SS')) ;
INSERT INTO "CARTOCRI"."VEH_AV" (VEH_AV_ID, VEHICLE_ID, IS_AVAIL_UNTIL, IS_AVAIL_FROM) VALUES ('6', '60', TO_DATE('2015-2-4 07:00:00', 'YYYY-MM-DD HH24:MI:SS'), TO_DATE('2015-2-10 07:00:00', 'YYYY-MM-DD HH24:MI:SS')) ;
INSERT INTO "CARTOCRI"."VEH_AV" (VEH_AV_ID, VEHICLE_ID, IS_AVAIL_UNTIL, IS_AVAIL_FROM) VALUES ('7', '61', TO_DATE('2015-1-21 07:00:00', 'YYYY-MM-DD HH24:MI:SS'), TO_DATE('2015-1-22 07:00:00', 'YYYY-MM-DD HH24:MI:SS')) ;
INSERT INTO "CARTOCRI"."VEH_AV" (VEH_AV_ID, VEHICLE_ID, IS_AVAIL_UNTIL, IS_AVAIL_FROM) VALUES ('8', '58', TO_DATE('2015-1-16 07:00:00', 'YYYY-MM-DD HH24:MI:SS'), TO_DATE('2015-1-17 07:00:00', 'YYYY-MM-DD HH24:MI:SS')) ;
INSERT INTO "CARTOCRI"."VEH_AV" (VEH_AV_ID, VEHICLE_ID, IS_AVAIL_UNTIL, IS_AVAIL_FROM) VALUES ('9', '35', TO_DATE('2015-2-1 07:00:00', 'YYYY-MM-DD HH24:MI:SS'), TO_DATE('2015-2-3 07:00:00', 'YYYY-MM-DD HH24:MI:SS')) ;
INSERT INTO "CARTOCRI"."VEH_AV" (VEH_AV_ID, VEHICLE_ID, IS_AVAIL_UNTIL, IS_AVAIL_FROM) VALUES ('10', '29', TO_DATE('2015-2-12 07:00:00', 'YYYY-MM-DD HH24:MI:SS'), TO_DATE('2015-2-16 07:00:00', 'YYYY-MM-DD HH24:MI:SS')) ;
INSERT INTO "CARTOCRI"."VEH_AV" (VEH_AV_ID, VEHICLE_ID, IS_AVAIL_UNTIL, IS_AVAIL_FROM) VALUES ('11', '25', TO_DATE('2015-2-5 07:00:00', 'YYYY-MM-DD HH24:MI:SS'), TO_DATE('2015-2-7 07:00:00', 'YYYY-MM-DD HH24:MI:SS')) ;
INSERT INTO "CARTOCRI"."VEH_AV" (VEH_AV_ID, VEHICLE_ID, IS_AVAIL_UNTIL, IS_AVAIL_FROM) VALUES ('12', '69', TO_DATE('2015-2-8 07:00:00', 'YYYY-MM-DD HH24:MI:SS'), TO_DATE('2015-2-13 07:00:00', 'YYYY-MM-DD HH24:MI:SS')) ;
INSERT INTO "CARTOCRI"."VEH_AV" (VEH_AV_ID, VEHICLE_ID, IS_AVAIL_UNTIL, IS_AVAIL_FROM) VALUES ('13', '54', TO_DATE('2015-1-10 07:00:00', 'YYYY-MM-DD HH24:MI:SS'), TO_DATE('2015-1-14 07:00:00', 'YYYY-MM-DD HH24:MI:SS')) ;
INSERT INTO "CARTOCRI"."VEH_AV" (VEH_AV_ID, VEHICLE_ID, IS_AVAIL_UNTIL, IS_AVAIL_FROM) VALUES ('14', '19', TO_DATE('2015-1-9 07:00:00', 'YYYY-MM-DD HH24:MI:SS'), TO_DATE('2015-1-27 07:00:00', 'YYYY-MM-DD HH24:MI:SS')) ;
INSERT INTO "CARTOCRI"."VEH_AV" (VEH_AV_ID, VEHICLE_ID, IS_AVAIL_UNTIL, IS_AVAIL_FROM) VALUES ('15', '12', TO_DATE('2015-2-18 07:00:00', 'YYYY-MM-DD HH24:MI:SS'), TO_DATE('2015-2-19 07:00:00', 'YYYY-MM-DD HH24:MI:SS')) ;
INSERT INTO "CARTOCRI"."VEH_AV" (VEH_AV_ID, VEHICLE_ID, IS_AVAIL_UNTIL, IS_AVAIL_FROM) VALUES ('16', '28', TO_DATE('2015-2-20 07:00:00', 'YYYY-MM-DD HH24:MI:SS'), TO_DATE('2015-2-21 07:00:00', 'YYYY-MM-DD HH24:MI:SS')) ;
INSERT INTO "CARTOCRI"."VEH_AV" (VEH_AV_ID, VEHICLE_ID, IS_AVAIL_UNTIL, IS_AVAIL_FROM) VALUES ('17', '46', TO_DATE('2015-2-24 07:00:00', 'YYYY-MM-DD HH24:MI:SS'), TO_DATE('2015-2-25 07:00:00', 'YYYY-MM-DD HH24:MI:SS')) ;
INSERT INTO "CARTOCRI"."VEH_AV" (VEH_AV_ID, VEHICLE_ID, IS_AVAIL_UNTIL, IS_AVAIL_FROM) VALUES ('18', '48', TO_DATE('2015-2-25 07:00:00', 'YYYY-MM-DD HH24:MI:SS'), TO_DATE('2015-2-26 07:00:00', 'YYYY-MM-DD HH24:MI:SS')) ;
INSERT INTO "CARTOCRI"."VEH_AV" (VEH_AV_ID, VEHICLE_ID, IS_AVAIL_UNTIL, IS_AVAIL_FROM) VALUES ('19', '67', TO_DATE('2015-1-28 07:00:00', 'YYYY-MM-DD HH24:MI:SS'), TO_DATE('2015-1-28 07:00:00', 'YYYY-MM-DD HH24:MI:SS')) ;
INSERT INTO "CARTOCRI"."VEH_AV" (VEH_AV_ID, VEHICLE_ID, IS_AVAIL_UNTIL, IS_AVAIL_FROM) VALUES ('20', '16', TO_DATE('2015-2-17 07:00:00', 'YYYY-MM-DD HH24:MI:SS'), TO_DATE('2015-2-20 07:00:00', 'YYYY-MM-DD HH24:MI:SS')) ;


		--Booking data
INSERT INTO "CARTOCRI"."BOOKING" (BOOKING_ID, VEHICLE_ID, INSURANCE_ID, GADGET_ID, BOOKING_FROM_DATE, BOOKING_TO_DATE, BOOKING_EMAIL_CONFIRMATION, FUEL_FEE, REPAIR_FEE, COST) VALUES ('1', '70', '1', '3', TO_DATE('2015-1-22 07:00:00', 'YYYY-MM-DD HH24:MI:SS'), TO_DATE('2015-1-15 07:00:00', 'YYYY-MM-DD HH24:MI:SS'), '835921231', '119', '2937', '1446') ;
INSERT INTO "CARTOCRI"."BOOKING" (BOOKING_ID, VEHICLE_ID, INSURANCE_ID, GADGET_ID, BOOKING_FROM_DATE, BOOKING_TO_DATE, BOOKING_EMAIL_CONFIRMATION, FUEL_FEE, REPAIR_FEE, COST) VALUES ('2', '70', '1', '2', TO_DATE('2015-2-11 07:00:00', 'YYYY-MM-DD HH24:MI:SS'), TO_DATE('2015-2-12 07:00:00', 'YYYY-MM-DD HH24:MI:SS'), '652464241', '123', '207', '3503') ;
INSERT INTO "CARTOCRI"."BOOKING" (BOOKING_ID, VEHICLE_ID, INSURANCE_ID, GADGET_ID, BOOKING_FROM_DATE, BOOKING_TO_DATE, BOOKING_EMAIL_CONFIRMATION, FUEL_FEE, REPAIR_FEE, COST) VALUES ('3', '62', '2', '1', TO_DATE('2015-1-3 07:00:00', 'YYYY-MM-DD HH24:MI:SS'), TO_DATE('2015-1-4 07:00:00', 'YYYY-MM-DD HH24:MI:SS'), '756011220', '84', '723', '2542') ;
INSERT INTO "CARTOCRI"."BOOKING" (BOOKING_ID, VEHICLE_ID, INSURANCE_ID, GADGET_ID, BOOKING_FROM_DATE, BOOKING_TO_DATE, BOOKING_EMAIL_CONFIRMATION, FUEL_FEE, REPAIR_FEE, COST) VALUES ('4', '75', '1', '1', TO_DATE('2015-2-2 07:00:00', 'YYYY-MM-DD HH24:MI:SS'), TO_DATE('2015-2-9 07:00:00', 'YYYY-MM-DD HH24:MI:SS'), '775453909', '126', '1983', '1303') ;
INSERT INTO "CARTOCRI"."BOOKING" (BOOKING_ID, VEHICLE_ID, INSURANCE_ID, GADGET_ID, BOOKING_FROM_DATE, BOOKING_TO_DATE, BOOKING_EMAIL_CONFIRMATION, FUEL_FEE, REPAIR_FEE, COST) VALUES ('5', '72', '1', '1', TO_DATE('2015-1-7 07:00:00', 'YYYY-MM-DD HH24:MI:SS'), TO_DATE('2015-1-11 07:00:00', 'YYYY-MM-DD HH24:MI:SS'), '879627680', '75', '2295', '2470') ;
INSERT INTO "CARTOCRI"."BOOKING" (BOOKING_ID, VEHICLE_ID, INSURANCE_ID, GADGET_ID, BOOKING_FROM_DATE, BOOKING_TO_DATE, BOOKING_EMAIL_CONFIRMATION, FUEL_FEE, REPAIR_FEE, COST) VALUES ('6', '60', '2', '2', TO_DATE('2015-2-4 07:00:00', 'YYYY-MM-DD HH24:MI:SS'), TO_DATE('2015-2-10 07:00:00', 'YYYY-MM-DD HH24:MI:SS'), '375825578', '62', '2134', '1463') ;
INSERT INTO "CARTOCRI"."BOOKING" (BOOKING_ID, VEHICLE_ID, INSURANCE_ID, GADGET_ID, BOOKING_FROM_DATE, BOOKING_TO_DATE, BOOKING_EMAIL_CONFIRMATION, FUEL_FEE, REPAIR_FEE, COST) VALUES ('7', '61', '2', '2', TO_DATE('2015-1-21 07:00:00', 'YYYY-MM-DD HH24:MI:SS'), TO_DATE('2015-1-22 07:00:00', 'YYYY-MM-DD HH24:MI:SS'), '191307352', '4', '1441', '460') ;
INSERT INTO "CARTOCRI"."BOOKING" (BOOKING_ID, VEHICLE_ID, INSURANCE_ID, GADGET_ID, BOOKING_FROM_DATE, BOOKING_TO_DATE, BOOKING_EMAIL_CONFIRMATION, FUEL_FEE, REPAIR_FEE, COST) VALUES ('8', '58', '2', '3', TO_DATE('2015-1-16 07:00:00', 'YYYY-MM-DD HH24:MI:SS'), TO_DATE('2015-1-17 07:00:00', 'YYYY-MM-DD HH24:MI:SS'), '382158587', '11', '2677', '1800') ;
INSERT INTO "CARTOCRI"."BOOKING" (BOOKING_ID, VEHICLE_ID, INSURANCE_ID, GADGET_ID, BOOKING_FROM_DATE, BOOKING_TO_DATE, BOOKING_EMAIL_CONFIRMATION, FUEL_FEE, REPAIR_FEE, COST) VALUES ('9', '35', '1', '3', TO_DATE('2015-2-1 07:00:00', 'YYYY-MM-DD HH24:MI:SS'), TO_DATE('2015-2-3 07:00:00', 'YYYY-MM-DD HH24:MI:SS'), '745670363', '50', '2815', '4019') ;
INSERT INTO "CARTOCRI"."BOOKING" (BOOKING_ID, VEHICLE_ID, INSURANCE_ID, GADGET_ID, BOOKING_FROM_DATE, BOOKING_TO_DATE, BOOKING_EMAIL_CONFIRMATION, FUEL_FEE, REPAIR_FEE, COST) VALUES ('10', '29', '1', '3', TO_DATE('2015-2-12 07:00:00', 'YYYY-MM-DD HH24:MI:SS'), TO_DATE('2015-2-16 07:00:00', 'YYYY-MM-DD HH24:MI:SS'), '431755065', '63', '232', '231') ;
INSERT INTO "CARTOCRI"."BOOKING" (BOOKING_ID, VEHICLE_ID, INSURANCE_ID, GADGET_ID, BOOKING_FROM_DATE, BOOKING_TO_DATE, BOOKING_EMAIL_CONFIRMATION, FUEL_FEE, REPAIR_FEE, COST) VALUES ('11', '70', '1', '1', TO_DATE('2015-2-5 07:00:00', 'YYYY-MM-DD HH24:MI:SS'), TO_DATE('2015-2-7 07:00:00', 'YYYY-MM-DD HH24:MI:SS'), '352961339', '93', '669', '3046') ;
INSERT INTO "CARTOCRI"."BOOKING" (BOOKING_ID, VEHICLE_ID, INSURANCE_ID, GADGET_ID, BOOKING_FROM_DATE, BOOKING_TO_DATE, BOOKING_EMAIL_CONFIRMATION, FUEL_FEE, REPAIR_FEE, COST) VALUES ('12', '69', '1', '3', TO_DATE('2015-2-8 07:00:00', 'YYYY-MM-DD HH24:MI:SS'), TO_DATE('2015-2-13 07:00:00', 'YYYY-MM-DD HH24:MI:SS'), '977506940', '34', '2764', '2576') ;
INSERT INTO "CARTOCRI"."BOOKING" (BOOKING_ID, VEHICLE_ID, INSURANCE_ID, GADGET_ID, BOOKING_FROM_DATE, BOOKING_TO_DATE, BOOKING_EMAIL_CONFIRMATION, FUEL_FEE, REPAIR_FEE, COST) VALUES ('13', '54', '1', '2', TO_DATE('2015-1-10 07:00:00', 'YYYY-MM-DD HH24:MI:SS'), TO_DATE('2015-1-14 07:00:00', 'YYYY-MM-DD HH24:MI:SS'), '539316255', '9', '893', '1524') ;
INSERT INTO "CARTOCRI"."BOOKING" (BOOKING_ID, VEHICLE_ID, INSURANCE_ID, GADGET_ID, BOOKING_FROM_DATE, BOOKING_TO_DATE, BOOKING_EMAIL_CONFIRMATION, FUEL_FEE, REPAIR_FEE, COST) VALUES ('14', '19', '2', '1', TO_DATE('2015-1-9 07:00:00', 'YYYY-MM-DD HH24:MI:SS'), TO_DATE('2015-1-27 07:00:00', 'YYYY-MM-DD HH24:MI:SS'), '186431944', '85', '350', '1559') ;
INSERT INTO "CARTOCRI"."BOOKING" (BOOKING_ID, VEHICLE_ID, INSURANCE_ID, GADGET_ID, BOOKING_FROM_DATE, BOOKING_TO_DATE, BOOKING_EMAIL_CONFIRMATION, FUEL_FEE, REPAIR_FEE, COST) VALUES ('15', '12', '2', '1', TO_DATE('2015-2-18 07:00:00', 'YYYY-MM-DD HH24:MI:SS'), TO_DATE('2015-2-19 07:00:00', 'YYYY-MM-DD HH24:MI:SS'), '745659926', '32', '2076', '2578') ;
INSERT INTO "CARTOCRI"."BOOKING" (BOOKING_ID, VEHICLE_ID, INSURANCE_ID, GADGET_ID, BOOKING_FROM_DATE, BOOKING_TO_DATE, BOOKING_EMAIL_CONFIRMATION, FUEL_FEE, REPAIR_FEE, COST) VALUES ('16', '28', '2', '2', TO_DATE('2015-2-20 07:00:00', 'YYYY-MM-DD HH24:MI:SS'), TO_DATE('2015-2-21 07:00:00', 'YYYY-MM-DD HH24:MI:SS'), '158747264', '71', '1027', '1084') ;
INSERT INTO "CARTOCRI"."BOOKING" (BOOKING_ID, VEHICLE_ID, INSURANCE_ID, GADGET_ID, BOOKING_FROM_DATE, BOOKING_TO_DATE, BOOKING_EMAIL_CONFIRMATION, FUEL_FEE, REPAIR_FEE, COST) VALUES ('17', '46', '2', '3', TO_DATE('2015-2-24 07:00:00', 'YYYY-MM-DD HH24:MI:SS'), TO_DATE('2015-2-25 07:00:00', 'YYYY-MM-DD HH24:MI:SS'), '874606129', '101', '1564', '143') ;
INSERT INTO "CARTOCRI"."BOOKING" (BOOKING_ID, VEHICLE_ID, INSURANCE_ID, GADGET_ID, BOOKING_FROM_DATE, BOOKING_TO_DATE, BOOKING_EMAIL_CONFIRMATION, FUEL_FEE, REPAIR_FEE, COST) VALUES ('18', '48', '2', '1', TO_DATE('2015-2-25 07:00:00', 'YYYY-MM-DD HH24:MI:SS'), TO_DATE('2015-2-26 07:00:00', 'YYYY-MM-DD HH24:MI:SS'), '991725432', '38', '142', '1316') ;
INSERT INTO "CARTOCRI"."BOOKING" (BOOKING_ID, VEHICLE_ID, INSURANCE_ID, GADGET_ID, BOOKING_FROM_DATE, BOOKING_TO_DATE, BOOKING_EMAIL_CONFIRMATION, FUEL_FEE, REPAIR_FEE, COST) VALUES ('19', '67', '2', '1', TO_DATE('2015-1-28 07:00:00', 'YYYY-MM-DD HH24:MI:SS'), TO_DATE('2015-1-28 07:00:00', 'YYYY-MM-DD HH24:MI:SS'), '244860897', '123', '552', '3613') ;
INSERT INTO "CARTOCRI"."BOOKING" (BOOKING_ID, VEHICLE_ID, INSURANCE_ID, GADGET_ID, BOOKING_FROM_DATE, BOOKING_TO_DATE, BOOKING_EMAIL_CONFIRMATION, FUEL_FEE, REPAIR_FEE, COST) VALUES ('20', '16', '1', '3', TO_DATE('2015-2-17 07:00:00', 'YYYY-MM-DD HH24:MI:SS'), TO_DATE('2015-2-20 07:00:00', 'YYYY-MM-DD HH24:MI:SS'), '608533367', '81', '280', '1485') ;


		--Customer_Booking_data

INSERT INTO "CARTOCRI"."CUST_BOOK" (CUSTUMER_ID, BOOKING_ID) VALUES ('1', '1');
INSERT INTO "CARTOCRI"."CUST_BOOK" (CUSTUMER_ID, BOOKING_ID) VALUES ('2', '2');
INSERT INTO "CARTOCRI"."CUST_BOOK" (CUSTUMER_ID, BOOKING_ID) VALUES ('3', '3');
INSERT INTO "CARTOCRI"."CUST_BOOK" (CUSTUMER_ID, BOOKING_ID) VALUES ('4', '4');
INSERT INTO "CARTOCRI"."CUST_BOOK" (CUSTUMER_ID, BOOKING_ID) VALUES ('5', '5');
INSERT INTO "CARTOCRI"."CUST_BOOK" (CUSTUMER_ID, BOOKING_ID) VALUES ('6', '6');
INSERT INTO "CARTOCRI"."CUST_BOOK" (CUSTUMER_ID, BOOKING_ID) VALUES ('7', '7');
INSERT INTO "CARTOCRI"."CUST_BOOK" (CUSTUMER_ID, BOOKING_ID) VALUES ('8', '8');
INSERT INTO "CARTOCRI"."CUST_BOOK" (CUSTUMER_ID, BOOKING_ID) VALUES ('9', '9');
INSERT INTO "CARTOCRI"."CUST_BOOK" (CUSTUMER_ID, BOOKING_ID) VALUES ('10', '10');
INSERT INTO "CARTOCRI"."CUST_BOOK" (CUSTUMER_ID, BOOKING_ID) VALUES ('11', '11');
INSERT INTO "CARTOCRI"."CUST_BOOK" (CUSTUMER_ID, BOOKING_ID) VALUES ('12', '12');
INSERT INTO "CARTOCRI"."CUST_BOOK" (CUSTUMER_ID, BOOKING_ID) VALUES ('13', '13');
INSERT INTO "CARTOCRI"."CUST_BOOK" (CUSTUMER_ID, BOOKING_ID) VALUES ('14', '14');
INSERT INTO "CARTOCRI"."CUST_BOOK" (CUSTUMER_ID, BOOKING_ID) VALUES ('15', '15');
INSERT INTO "CARTOCRI"."CUST_BOOK" (CUSTUMER_ID, BOOKING_ID) VALUES ('16', '16');
INSERT INTO "CARTOCRI"."CUST_BOOK" (CUSTUMER_ID, BOOKING_ID) VALUES ('17', '17');
INSERT INTO "CARTOCRI"."CUST_BOOK" (CUSTUMER_ID, BOOKING_ID) VALUES ('18', '18');
INSERT INTO "CARTOCRI"."CUST_BOOK" (CUSTUMER_ID, BOOKING_ID) VALUES ('19', '19');
INSERT INTO "CARTOCRI"."CUST_BOOK" (CUSTUMER_ID, BOOKING_ID) VALUES ('19', '20');
