<?xml version = '1.0' encoding = 'UTF-8'?>
<Diagram class="oracle.dbtools.crest.swingui.logical.DPVLogicalSubView" name="Logical - SubView_1" id="409FD079-D1A2-F247-5404-A62567A34B15">
<createdBy>cristian_cartofeanu</createdBy>
<createdTime>2014-10-14 14:17:31 UTC</createdTime>
<autoRoute>false</autoRoute>
<boxInbox>true</boxInbox>
<showLegend>false</showLegend>
<showLabels>false</showLabels>
<showRelAttributes>false</showRelAttributes>
<showGrid>false</showGrid>
<diagramColor>-1</diagramColor>
<display>false</display>
<notation>1</notation>
<objectViews>
<OView class="oracle.dbtools.crest.swingui.logical.TVEntity" oid="2FAACFFE-F0EE-76EB-C1AC-3220D98E7FA1" otype="Entity" vid="D5B0785A-A4C9-B3AB-659F-C7DEB91F0627">
<hideElementsInCurrentOnly>false</hideElementsInCurrentOnly>
<bounds x="39" y="43" width="170" height="110"/>
</OView>
<OView class="oracle.dbtools.crest.swingui.logical.TVEntity" oid="A24557C4-2500-76EA-F575-BCE6BDD6511D" otype="Entity" vid="17678B49-0E15-AEE7-10A7-FC75BF32FB9B">
<hideElementsInCurrentOnly>false</hideElementsInCurrentOnly>
<bounds x="737" y="404" width="170" height="110"/>
</OView>
<OView class="oracle.dbtools.crest.swingui.logical.TVEntity" oid="CAA3CAD2-83A3-4988-51AA-EB4A83017911" otype="Entity" vid="02E90916-9202-CA32-2E40-F7FE0AFFC612">
<hideElementsInCurrentOnly>false</hideElementsInCurrentOnly>
<bounds x="920" y="401" width="170" height="110"/>
</OView>
<OView class="oracle.dbtools.crest.swingui.logical.TVEntity" oid="F334A117-D363-BDAA-662B-49F3E9149707" otype="Entity" vid="ED860FC8-11F7-D0A3-9C33-6F291B9B2252">
<hideElementsInCurrentOnly>false</hideElementsInCurrentOnly>
<bounds x="502" y="413" width="170" height="110"/>
</OView>
</objectViews>
</Diagram>