<?xml version = '1.0' encoding = 'UTF-8'?>
<Diagram class="oracle.dbtools.crest.swingui.logical.DPVLogical" name="Logical" id="6B5F41B9-9EFA-38FA-32F8-9908B9F8B9A3">
<createdBy>cristian_cartofeanu</createdBy>
<createdTime>2014-10-14 14:17:29 UTC</createdTime>
<autoRoute>false</autoRoute>
<boxInbox>true</boxInbox>
<showLegend>false</showLegend>
<showLabels>false</showLabels>
<showRelAttributes>false</showRelAttributes>
<showGrid>false</showGrid>
<diagramColor>-1</diagramColor>
<display>false</display>
<notation>1</notation>
<objectViews>
<OView class="oracle.dbtools.crest.swingui.logical.TVEntity" oid="2FAACFFE-F0EE-76EB-C1AC-3220D98E7FA1" otype="Entity" vid="B9583F42-3B77-0EED-DC8C-CA5F60EC0648">
<hideElementsInCurrentOnly>false</hideElementsInCurrentOnly>
<bounds x="31" y="31" width="170" height="110"/>
</OView>
<OView class="oracle.dbtools.crest.swingui.logical.TVEntity" oid="56E93024-9433-BB66-BC90-6902CE509FEB" otype="Entity" vid="FF3900CC-6F9C-AB92-18AD-48A05A398530">
<hideElementsInCurrentOnly>false</hideElementsInCurrentOnly>
<bounds x="181" y="417" width="170" height="110"/>
</OView>
<OView class="oracle.dbtools.crest.swingui.logical.TVEntity" oid="82B1A374-0941-4C3D-04C9-F1603C0EDE38" otype="Entity" vid="9CF62530-8668-51A2-1865-0CE1244D451A">
<hideElementsInCurrentOnly>false</hideElementsInCurrentOnly>
<bounds x="288" y="244" width="170" height="110"/>
</OView>
<OView class="oracle.dbtools.crest.swingui.logical.TVEntity" oid="A24557C4-2500-76EA-F575-BCE6BDD6511D" otype="Entity" vid="860706AD-42EB-520F-369F-BAED50074989">
<hideElementsInCurrentOnly>false</hideElementsInCurrentOnly>
<bounds x="659" y="150" width="170" height="110"/>
</OView>
<OView class="oracle.dbtools.crest.swingui.logical.TVEntity" oid="BC877256-23FE-F362-5E2D-1C5F1B35F8AE" otype="Entity" vid="F4E7E496-AE8C-05CF-129E-8AFB2F199782">
<hideElementsInCurrentOnly>false</hideElementsInCurrentOnly>
<bounds x="293" y="31" width="170" height="151"/>
</OView>
<OView class="oracle.dbtools.crest.swingui.logical.TVEntity" oid="CAA3CAD2-83A3-4988-51AA-EB4A83017911" otype="Entity" vid="9FE8521D-7D90-5AB7-F7CD-1F5FDFBB5E58">
<hideElementsInCurrentOnly>false</hideElementsInCurrentOnly>
<bounds x="651" y="14" width="170" height="110"/>
</OView>
<OView class="oracle.dbtools.crest.swingui.logical.TVEntity" oid="F334A117-D363-BDAA-662B-49F3E9149707" otype="Entity" vid="3CB65F35-E39F-B965-1342-AF10B44E82A8">
<hideElementsInCurrentOnly>false</hideElementsInCurrentOnly>
<bounds x="374" y="415" width="170" height="110"/>
</OView>
</objectViews>
<connectors>
<Connector class="oracle.dbtools.crest.swingui.logical.TVRelation" oid="1065AEA7-54CF-6D5D-9755-E3BCCA79FCB2" otype="Relation" vid_source="9CF62530-8668-51A2-1865-0CE1244D451A" vid_target="FF3900CC-6F9C-AB92-18AD-48A05A398530">
<hideElementsInCurrentOnly>false</hideElementsInCurrentOnly>
<lineWidth>1</lineWidth>
<points>
<point x="319" y="354"/>
<point x="319" y="417"/>
</points>
</Connector>
<Connector class="oracle.dbtools.crest.swingui.logical.TVRelation" oid="1C756BA7-A08B-51BA-AA09-3485F5A2A90C" otype="Relation" vid_source="F4E7E496-AE8C-05CF-129E-8AFB2F199782" vid_target="9CF62530-8668-51A2-1865-0CE1244D451A">
<hideElementsInCurrentOnly>false</hideElementsInCurrentOnly>
<lineWidth>1</lineWidth>
<points>
<point x="375" y="182"/>
<point x="375" y="244"/>
</points>
</Connector>
<Connector class="oracle.dbtools.crest.swingui.logical.TVRelation" oid="38B2B620-3AFA-054A-44B6-A580DDE9E57F" otype="Relation" vid_source="9FE8521D-7D90-5AB7-F7CD-1F5FDFBB5E58" vid_target="F4E7E496-AE8C-05CF-129E-8AFB2F199782">
<hideElementsInCurrentOnly>false</hideElementsInCurrentOnly>
<lineWidth>1</lineWidth>
<points>
<point x="651" y="77"/>
<point x="463" y="77"/>
</points>
</Connector>
<Connector class="oracle.dbtools.crest.swingui.logical.TVRelation" oid="447465FC-3BF9-6555-2609-A1EC3D97247D" otype="Relation" vid_source="860706AD-42EB-520F-369F-BAED50074989" vid_target="F4E7E496-AE8C-05CF-129E-8AFB2F199782">
<hideElementsInCurrentOnly>false</hideElementsInCurrentOnly>
<lineWidth>1</lineWidth>
<points>
<point x="659" y="166"/>
<point x="463" y="166"/>
</points>
</Connector>
<Connector class="oracle.dbtools.crest.swingui.logical.TVRelation" oid="9F5834E5-D103-4F11-458C-9A91DC49E558" otype="Relation" vid_source="B9583F42-3B77-0EED-DC8C-CA5F60EC0648" vid_target="F4E7E496-AE8C-05CF-129E-8AFB2F199782">
<hideElementsInCurrentOnly>false</hideElementsInCurrentOnly>
<lineWidth>1</lineWidth>
<points>
<point x="201" y="86"/>
<point x="293" y="86"/>
</points>
</Connector>
<Connector class="oracle.dbtools.crest.swingui.logical.TVRelation" oid="AFF46159-5482-025F-C4B5-DBAB4FD22845" otype="Relation" vid_source="9CF62530-8668-51A2-1865-0CE1244D451A" vid_target="3CB65F35-E39F-B965-1342-AF10B44E82A8">
<hideElementsInCurrentOnly>false</hideElementsInCurrentOnly>
<lineWidth>1</lineWidth>
<points>
<point x="416" y="354"/>
<point x="416" y="415"/>
</points>
</Connector>
</connectors>
</Diagram>