<?xml version = '1.0' encoding = 'UTF-8'?>
<FKIndexAssociation class="oracle.dbtools.crest.model.design.relational.FKIndexAssociation" directorySegmentName="seg_0" id="361114BB-0394-BF87-A589-B09AB9DB8E26" name="FK_ASS_4">
<createdBy>cristian_cartofeanu</createdBy>
<createdTime>2014-12-09 21:35:52 UTC</createdTime>
<generatorID>9F5834E5-D103-4F11-458C-9A91DC49E558</generatorID>
<ownerDesignName>Car_Rent_Model</ownerDesignName>
<containerWithKeyObject>7EBA203E-7D01-C5FD-459C-67EF4DB1D300</containerWithKeyObject>
<deleteRule>NO ACTION</deleteRule>
<localFKIndex>CA312233-4F8F-609A-FCFB-204181895CC6</localFKIndex>
<keyObject>3D71D90B-1CA0-BA08-18C9-438FDBE85D6E</keyObject>
<mandatory>true</mandatory>
<transferable>true</transferable>
<columnDependencyConstraintGenerateInDDL>true</columnDependencyConstraintGenerateInDDL>
</FKIndexAssociation>