<?xml version = '1.0' encoding = 'UTF-8'?>
<FKIndexAssociation class="oracle.dbtools.crest.model.design.relational.FKIndexAssociation" directorySegmentName="seg_0" id="370A2148-F9B4-0F84-940C-5ED9D0F0CA82" name="Booking_Insurance_FK">
<createdBy>cristian_cartofeanu</createdBy>
<createdTime>2014-12-09 21:35:52 UTC</createdTime>
<generatorID>38B2B620-3AFA-054A-44B6-A580DDE9E57F</generatorID>
<ownerDesignName>Car_Rent_Model</ownerDesignName>
<containerWithKeyObject>15FCC933-35CB-8A75-2BFE-5EA22F7EA2D1</containerWithKeyObject>
<deleteRule>NO ACTION</deleteRule>
<localFKIndex>063E8DA0-A9D4-9645-0E47-3E7127301963</localFKIndex>
<keyObject>0D22BE44-32D5-0575-376D-EA84C960EB87</keyObject>
<mandatory>false</mandatory>
<transferable>true</transferable>
<columnDependencyConstraintGenerateInDDL>true</columnDependencyConstraintGenerateInDDL>
</FKIndexAssociation>