<?xml version = '1.0' encoding = 'UTF-8'?>
<FKIndexAssociation class="oracle.dbtools.crest.model.design.relational.FKIndexAssociation" directorySegmentName="seg_0" id="42D72459-61CE-2627-A667-9B4B2EA25628" name="Booking_Vehicles_FK">
<createdBy>cristian_cartofeanu</createdBy>
<createdTime>2014-12-09 21:35:52 UTC</createdTime>
<generatorID>1C756BA7-A08B-51BA-AA09-3485F5A2A90C</generatorID>
<ownerDesignName>Car_Rent_Model</ownerDesignName>
<containerWithKeyObject>15FCC933-35CB-8A75-2BFE-5EA22F7EA2D1</containerWithKeyObject>
<deleteRule>NO ACTION</deleteRule>
<localFKIndex>A639A3EC-D641-B54A-3906-4B6166BD2F3A</localFKIndex>
<keyObject>8C638EB6-B55F-0D4C-E3F4-C525EA937F36</keyObject>
<mandatory>true</mandatory>
<transferable>true</transferable>
<columnDependencyConstraintGenerateInDDL>true</columnDependencyConstraintGenerateInDDL>
</FKIndexAssociation>