<?xml version = '1.0' encoding = 'UTF-8'?>
<FKIndexAssociation class="oracle.dbtools.crest.model.design.relational.FKIndexAssociation" directorySegmentName="seg_0" id="46CEB913-0D25-E067-F23E-84C995E7A5FB" name="Vehicles_Brand_FK">
<createdBy>cristian_cartofeanu</createdBy>
<createdTime>2014-12-09 21:35:52 UTC</createdTime>
<generatorID>1065AEA7-54CF-6D5D-9755-E3BCCA79FCB2</generatorID>
<ownerDesignName>Car_Rent_Model</ownerDesignName>
<containerWithKeyObject>75952B71-F98B-7F55-78AC-2295082B1EE3</containerWithKeyObject>
<deleteRule>NO ACTION</deleteRule>
<localFKIndex>46CEF251-4205-EC3C-FB73-F80A6989CBFE</localFKIndex>
<keyObject>F83888F1-E8CD-238C-594B-DFCAA96C751C</keyObject>
<mandatory>true</mandatory>
<transferable>true</transferable>
<columnDependencyConstraintGenerateInDDL>true</columnDependencyConstraintGenerateInDDL>
</FKIndexAssociation>