<?xml version = '1.0' encoding = 'UTF-8'?>
<FKIndexAssociation class="oracle.dbtools.crest.model.design.relational.FKIndexAssociation" directorySegmentName="seg_0" id="7E1AA1D6-EA87-5C6B-5B6E-867D26EDBA82" name="FK_ASS_5">
<createdBy>cristian_cartofeanu</createdBy>
<createdTime>2014-12-09 21:35:52 UTC</createdTime>
<generatorID>9F5834E5-D103-4F11-458C-9A91DC49E558</generatorID>
<ownerDesignName>Car_Rent_Model</ownerDesignName>
<containerWithKeyObject>7EBA203E-7D01-C5FD-459C-67EF4DB1D300</containerWithKeyObject>
<deleteRule>NO ACTION</deleteRule>
<localFKIndex>E002FA82-55B5-6F29-01F8-FEE3B3EFA213</localFKIndex>
<keyObject>7E624336-E16F-519C-7B31-7F5193A3E244</keyObject>
<mandatory>true</mandatory>
<transferable>true</transferable>
<columnDependencyConstraintGenerateInDDL>true</columnDependencyConstraintGenerateInDDL>
</FKIndexAssociation>