<?xml version = '1.0' encoding = 'UTF-8'?>
<FKIndexAssociation class="oracle.dbtools.crest.model.design.relational.FKIndexAssociation" directorySegmentName="seg_0" id="8A74830F-E94F-519C-76F9-77E4CA6DAD29" name="Veh_Av_Vehicles_FK">
<createdBy>cristian_cartofeanu</createdBy>
<createdTime>2014-12-09 21:35:52 UTC</createdTime>
<generatorID>AFF46159-5482-025F-C4B5-DBAB4FD22845</generatorID>
<ownerDesignName>Car_Rent_Model</ownerDesignName>
<containerWithKeyObject>983B574C-9769-F9ED-4322-23DB7DA1472E</containerWithKeyObject>
<deleteRule>NO ACTION</deleteRule>
<localFKIndex>595340BD-036D-4053-3EAF-34E200F63603</localFKIndex>
<keyObject>8C638EB6-B55F-0D4C-E3F4-C525EA937F36</keyObject>
<mandatory>true</mandatory>
<transferable>true</transferable>
<columnDependencyConstraintGenerateInDDL>true</columnDependencyConstraintGenerateInDDL>
</FKIndexAssociation>