<?xml version = '1.0' encoding = 'UTF-8'?>
<FKIndexAssociation class="oracle.dbtools.crest.model.design.relational.FKIndexAssociation" directorySegmentName="seg_0" id="96ACF4B8-BBBE-D1B0-1F9B-197AE5778779" name="Booking_Gadget_FK">
<createdBy>cristian_cartofeanu</createdBy>
<createdTime>2014-12-09 21:35:52 UTC</createdTime>
<generatorID>447465FC-3BF9-6555-2609-A1EC3D97247D</generatorID>
<ownerDesignName>Car_Rent_Model</ownerDesignName>
<containerWithKeyObject>15FCC933-35CB-8A75-2BFE-5EA22F7EA2D1</containerWithKeyObject>
<deleteRule>NO ACTION</deleteRule>
<localFKIndex>DD536BF4-EACD-1C01-3702-67F466A0DCF9</localFKIndex>
<keyObject>4A750B7B-F3D8-C719-CF6B-1B5F3F5DAEB5</keyObject>
<mandatory>false</mandatory>
<transferable>true</transferable>
<columnDependencyConstraintGenerateInDDL>true</columnDependencyConstraintGenerateInDDL>
</FKIndexAssociation>