<?xml version = '1.0' encoding = 'UTF-8'?>
<Table class="oracle.dbtools.crest.model.design.relational.Table" directorySegmentName="seg_0" id="134D34F4-0EB4-1AED-2D62-AAB422890F63" name="Brand">
<createdBy>cristian_cartofeanu</createdBy>
<createdTime>2014-12-09 21:35:52 UTC</createdTime>
<generatorID>56E93024-9433-BB66-BC90-6902CE509FEB</generatorID>
<ownerDesignName>Car_Rent_Model</ownerDesignName>
<allowColumnReorder>false</allowColumnReorder>
<existDependencyGenerateInDDl>true</existDependencyGenerateInDDl>
<columns itemClass="oracle.dbtools.crest.model.design.relational.Column">
<Column name="brand_ID" id="E099A48A-4462-8447-247A-714DAB46CCC9">
<createdBy>cristian_cartofeanu</createdBy>
<createdTime>2014-12-09 21:35:52 UTC</createdTime>
<generatorID>632D401D-0999-92D7-353A-5CF73B71FFF5</generatorID>
<ownerDesignName>Car_Rent_Model</ownerDesignName>
<useDomainConstraints>false</useDomainConstraints>
<use>1</use>
<logicalDatatype>LOGDT021</logicalDatatype>
<autoIncrementCycle>false</autoIncrementCycle>
</Column>
<Column name="brand_name" id="8FE857F8-B7F4-78CC-D0C2-7BCEB4E993C4">
<createdBy>cristian_cartofeanu</createdBy>
<createdTime>2014-12-09 21:35:52 UTC</createdTime>
<generatorID>B397D911-1C4A-0900-36AC-F0AE7E32CBDA</generatorID>
<ownerDesignName>Car_Rent_Model</ownerDesignName>
<useDomainConstraints>false</useDomainConstraints>
<use>1</use>
<logicalDatatype>LOGDT024</logicalDatatype>
<dataTypeSize>45</dataTypeSize>
<autoIncrementCycle>false</autoIncrementCycle>
</Column>
<Column name="model_name" id="F592CFFC-F875-C70C-7D0E-5347E05ECC93">
<createdBy>cristian_cartofeanu</createdBy>
<createdTime>2014-12-09 21:35:52 UTC</createdTime>
<generatorID>48C0D83E-16C9-04A4-0B54-E30EDEF043AD</generatorID>
<ownerDesignName>Car_Rent_Model</ownerDesignName>
<useDomainConstraints>false</useDomainConstraints>
<use>1</use>
<logicalDatatype>LOGDT024</logicalDatatype>
<dataTypeSize>45</dataTypeSize>
<autoIncrementCycle>false</autoIncrementCycle>
</Column>
<Column name="Category" id="0BE0B5F8-0A60-DDD6-B6F3-495BC723185B">
<createdBy>cristian_cartofeanu</createdBy>
<createdTime>2014-12-09 21:35:52 UTC</createdTime>
<generatorID>5C327D69-82CE-204A-1918-4FD03DDCCA3E</generatorID>
<ownerDesignName>Car_Rent_Model</ownerDesignName>
<useDomainConstraints>false</useDomainConstraints>
<use>1</use>
<logicalDatatype>LOGDT024</logicalDatatype>
<dataTypeSize>45</dataTypeSize>
<autoIncrementCycle>false</autoIncrementCycle>
</Column>
</columns>
<indexes itemClass="oracle.dbtools.crest.model.design.relational.Index">
<ind_PK_UK id="F83888F1-E8CD-238C-594B-DFCAA96C751C" name="Brand_PK">
<createdBy>cristian_cartofeanu</createdBy>
<createdTime>2014-12-09 21:35:52 UTC</createdTime>
<generatorID>90FC9786-FD43-F93C-3B89-41A497E94475</generatorID>
<ownerDesignName>Car_Rent_Model</ownerDesignName>
<pk>true</pk>
<indexState>Primary Constraint</indexState>
<isSurrogateKey>false</isSurrogateKey>
<indexColumnUsage>
<colUsage columnID="E099A48A-4462-8447-247A-714DAB46CCC9"/>
</indexColumnUsage>
</ind_PK_UK>
</indexes>
</Table>