<?xml version = '1.0' encoding = 'UTF-8'?>
<Table class="oracle.dbtools.crest.model.design.relational.Table" directorySegmentName="seg_0" id="15FCC933-35CB-8A75-2BFE-5EA22F7EA2D1" name="Booking">
<createdBy>cristian_cartofeanu</createdBy>
<createdTime>2014-12-09 21:35:52 UTC</createdTime>
<generatorID>BC877256-23FE-F362-5E2D-1C5F1B35F8AE</generatorID>
<ownerDesignName>Car_Rent_Model</ownerDesignName>
<allowColumnReorder>false</allowColumnReorder>
<existDependencyGenerateInDDl>true</existDependencyGenerateInDDl>
<columns itemClass="oracle.dbtools.crest.model.design.relational.Column">
<Column name="booking_ID" id="AB101771-B6C3-D303-675F-ACC526A3EED3">
<createdBy>cristian_cartofeanu</createdBy>
<createdTime>2014-12-09 21:35:52 UTC</createdTime>
<generatorID>F1A25C06-60FD-8AA4-4ABF-1283A2DD2FFE</generatorID>
<ownerDesignName>Car_Rent_Model</ownerDesignName>
<useDomainConstraints>false</useDomainConstraints>
<use>1</use>
<logicalDatatype>LOGDT011</logicalDatatype>
<autoIncrementCycle>false</autoIncrementCycle>
</Column>
<Column name="vehicle_ID" id="02999680-BDD2-6E7D-BA61-F8470A51CDB0">
<createdBy>cristian_cartofeanu</createdBy>
<createdTime>2014-12-09 21:35:52 UTC</createdTime>
<generatorID>FF3D3C29-9500-78A5-D58E-416289A8C832</generatorID>
<ownerDesignName>Car_Rent_Model</ownerDesignName>
<useDomainConstraints>false</useDomainConstraints>
<use>1</use>
<logicalDatatype>LOGDT011</logicalDatatype>
<delegate>489A3D47-4DB7-1FD9-99EA-68161EB6F07D</delegate>
<previousColumn>false</previousColumn>
<autoIncrementCycle>false</autoIncrementCycle>
<associations>
<colAssociation fkAssociation="42D72459-61CE-2627-A667-9B4B2EA25628" referredColumn="489A3D47-4DB7-1FD9-99EA-68161EB6F07D"/>
</associations>
</Column>
<Column name="insurance_ID" id="0190286F-941C-5062-673B-BC22AF584031">
<createdBy>cristian_cartofeanu</createdBy>
<createdTime>2014-12-09 21:35:52 UTC</createdTime>
<generatorID>50783AFF-C555-19C4-5624-1267C5403829</generatorID>
<ownerDesignName>Car_Rent_Model</ownerDesignName>
<nullsAllowed>true</nullsAllowed>
<useDomainConstraints>false</useDomainConstraints>
<use>1</use>
<logicalDatatype>LOGDT011</logicalDatatype>
<delegate>D1A5456F-D4C0-AB86-2A2C-4E3F17C56971</delegate>
<previousColumn>false</previousColumn>
<autoIncrementCycle>false</autoIncrementCycle>
<associations>
<colAssociation fkAssociation="370A2148-F9B4-0F84-940C-5ED9D0F0CA82" referredColumn="D1A5456F-D4C0-AB86-2A2C-4E3F17C56971"/>
</associations>
</Column>
<Column name="gadget_ID" id="5EC75760-75EA-690E-1B53-5920409F5B69">
<createdBy>cristian_cartofeanu</createdBy>
<createdTime>2014-12-09 21:35:52 UTC</createdTime>
<generatorID>82C1975C-4A33-F155-4686-86E8026F35AA</generatorID>
<ownerDesignName>Car_Rent_Model</ownerDesignName>
<nullsAllowed>true</nullsAllowed>
<useDomainConstraints>false</useDomainConstraints>
<use>1</use>
<logicalDatatype>LOGDT011</logicalDatatype>
<delegate>B07EE7E5-D6D3-169D-86C4-8E7F0FDF5CD0</delegate>
<previousColumn>false</previousColumn>
<autoIncrementCycle>false</autoIncrementCycle>
<associations>
<colAssociation fkAssociation="96ACF4B8-BBBE-D1B0-1F9B-197AE5778779" referredColumn="B07EE7E5-D6D3-169D-86C4-8E7F0FDF5CD0"/>
</associations>
</Column>
<Column name="booking_from_date" id="7AE288CB-EF10-8F72-AFE6-ECA09FA947C6">
<createdBy>cristian_cartofeanu</createdBy>
<createdTime>2014-12-09 21:35:52 UTC</createdTime>
<generatorID>22166F9C-81AF-B18A-9325-1889038EE447</generatorID>
<ownerDesignName>Car_Rent_Model</ownerDesignName>
<useDomainConstraints>false</useDomainConstraints>
<use>1</use>
<logicalDatatype>LOGDT007</logicalDatatype>
<autoIncrementCycle>false</autoIncrementCycle>
</Column>
<Column name="booking_to_date" id="7A0FD4A3-C836-289B-77E2-7F13815B64F3">
<createdBy>cristian_cartofeanu</createdBy>
<createdTime>2014-12-09 21:35:52 UTC</createdTime>
<generatorID>18B64457-B699-A365-E796-2AC3B0C340D8</generatorID>
<ownerDesignName>Car_Rent_Model</ownerDesignName>
<useDomainConstraints>false</useDomainConstraints>
<use>1</use>
<logicalDatatype>LOGDT007</logicalDatatype>
<autoIncrementCycle>false</autoIncrementCycle>
</Column>
<Column name="booking_email_confirmation" id="455B2B42-2C08-5E6A-E7AA-94688B5427CE">
<createdBy>cristian_cartofeanu</createdBy>
<createdTime>2014-12-09 21:35:52 UTC</createdTime>
<generatorID>52791257-BABF-CEFC-7E62-47F5EFAD9B73</generatorID>
<ownerDesignName>Car_Rent_Model</ownerDesignName>
<useDomainConstraints>false</useDomainConstraints>
<use>1</use>
<logicalDatatype>LOGDT011</logicalDatatype>
<autoIncrementCycle>false</autoIncrementCycle>
</Column>
<Column name="fuel_fee" id="451A242A-6A8F-03D7-C484-F6929003100F">
<createdBy>cristian_cartofeanu</createdBy>
<createdTime>2014-12-09 21:35:52 UTC</createdTime>
<generatorID>AD2A6B27-E5D8-D99D-29CC-A63644282EED</generatorID>
<ownerDesignName>Car_Rent_Model</ownerDesignName>
<useDomainConstraints>false</useDomainConstraints>
<use>1</use>
<logicalDatatype>LOGDT043</logicalDatatype>
<autoIncrementCycle>false</autoIncrementCycle>
</Column>
<Column name="repair_fee" id="9ED90816-2DAB-7414-EEE0-FBA6F8FF79A7">
<createdBy>cristian_cartofeanu</createdBy>
<createdTime>2014-12-09 21:35:52 UTC</createdTime>
<generatorID>DA0780FC-3665-0FA1-A531-AD8E2CF7ACFA</generatorID>
<ownerDesignName>Car_Rent_Model</ownerDesignName>
<useDomainConstraints>false</useDomainConstraints>
<use>1</use>
<logicalDatatype>LOGDT043</logicalDatatype>
<autoIncrementCycle>false</autoIncrementCycle>
</Column>
<Column name="Cost" id="2316C518-915A-F18C-59A3-4672A26C2DA4">
<createdBy>cristian_cartofeanu</createdBy>
<createdTime>2014-12-09 21:35:52 UTC</createdTime>
<generatorID>53D74161-0E8D-5098-1D71-DE2AA38AE06F</generatorID>
<ownerDesignName>Car_Rent_Model</ownerDesignName>
<useDomainConstraints>false</useDomainConstraints>
<use>1</use>
<logicalDatatype>LOGDT021</logicalDatatype>
<autoIncrementCycle>false</autoIncrementCycle>
</Column>
</columns>
<indexes itemClass="oracle.dbtools.crest.model.design.relational.Index">
<ind_PK_UK id="7E624336-E16F-519C-7B31-7F5193A3E244" name="Booking_PK">
<createdBy>cristian_cartofeanu</createdBy>
<createdTime>2014-12-09 21:35:52 UTC</createdTime>
<generatorID>709EB30B-E742-20F8-D895-E53C836CA375</generatorID>
<ownerDesignName>Car_Rent_Model</ownerDesignName>
<pk>true</pk>
<indexState>Primary Constraint</indexState>
<isSurrogateKey>false</isSurrogateKey>
<indexColumnUsage>
<colUsage columnID="AB101771-B6C3-D303-675F-ACC526A3EED3"/>
</indexColumnUsage>
</ind_PK_UK>
<ind_PK_UK id="063E8DA0-A9D4-9645-0E47-3E7127301963" name="Booking_Insurance_FK">
<createdBy>cristian_cartofeanu</createdBy>
<createdTime>2014-12-09 21:35:52 UTC</createdTime>
<generatorID>38B2B620-3AFA-054A-44B6-A580DDE9E57F</generatorID>
<ownerDesignName>Car_Rent_Model</ownerDesignName>
<indexState>Foreign Key</indexState>
<isSurrogateKey>false</isSurrogateKey>
<indexColumnUsage>
<colUsage columnID="0190286F-941C-5062-673B-BC22AF584031"/>
</indexColumnUsage>
</ind_PK_UK>
<ind_PK_UK id="DD536BF4-EACD-1C01-3702-67F466A0DCF9" name="Booking_Gadget_FK">
<createdBy>cristian_cartofeanu</createdBy>
<createdTime>2014-12-09 21:35:52 UTC</createdTime>
<generatorID>447465FC-3BF9-6555-2609-A1EC3D97247D</generatorID>
<ownerDesignName>Car_Rent_Model</ownerDesignName>
<indexState>Foreign Key</indexState>
<isSurrogateKey>false</isSurrogateKey>
<indexColumnUsage>
<colUsage columnID="5EC75760-75EA-690E-1B53-5920409F5B69"/>
</indexColumnUsage>
</ind_PK_UK>
<ind_PK_UK id="A639A3EC-D641-B54A-3906-4B6166BD2F3A" name="Booking_Vehicles_FK">
<createdBy>cristian_cartofeanu</createdBy>
<createdTime>2014-12-09 21:35:52 UTC</createdTime>
<generatorID>1C756BA7-A08B-51BA-AA09-3485F5A2A90C</generatorID>
<ownerDesignName>Car_Rent_Model</ownerDesignName>
<indexState>Foreign Key</indexState>
<isSurrogateKey>false</isSurrogateKey>
<indexColumnUsage>
<colUsage columnID="02999680-BDD2-6E7D-BA61-F8470A51CDB0"/>
</indexColumnUsage>
</ind_PK_UK>
</indexes>
</Table>