<?xml version = '1.0' encoding = 'UTF-8'?>
<Table class="oracle.dbtools.crest.model.design.relational.Table" directorySegmentName="seg_0" id="75952B71-F98B-7F55-78AC-2295082B1EE3" name="Vehicles">
<createdBy>cristian_cartofeanu</createdBy>
<createdTime>2014-12-09 21:35:52 UTC</createdTime>
<generatorID>82B1A374-0941-4C3D-04C9-F1603C0EDE38</generatorID>
<ownerDesignName>Car_Rent_Model</ownerDesignName>
<allowColumnReorder>false</allowColumnReorder>
<existDependencyGenerateInDDl>true</existDependencyGenerateInDDl>
<columns itemClass="oracle.dbtools.crest.model.design.relational.Column">
<Column name="vehicle_ID" id="489A3D47-4DB7-1FD9-99EA-68161EB6F07D">
<createdBy>cristian_cartofeanu</createdBy>
<createdTime>2014-12-09 21:35:52 UTC</createdTime>
<generatorID>5BF89405-69CC-6566-1482-13C9FCAA9E18</generatorID>
<ownerDesignName>Car_Rent_Model</ownerDesignName>
<useDomainConstraints>false</useDomainConstraints>
<use>1</use>
<logicalDatatype>LOGDT011</logicalDatatype>
<autoIncrementCycle>false</autoIncrementCycle>
</Column>
<Column name="brand_ID" id="3DDCDA7E-9C21-6571-6434-A4ECE528E699">
<createdBy>cristian_cartofeanu</createdBy>
<createdTime>2014-12-09 21:35:52 UTC</createdTime>
<generatorID>22B929FF-FDBF-2261-A695-2DA484E770D9</generatorID>
<ownerDesignName>Car_Rent_Model</ownerDesignName>
<useDomainConstraints>false</useDomainConstraints>
<use>1</use>
<logicalDatatype>LOGDT021</logicalDatatype>
<delegate>E099A48A-4462-8447-247A-714DAB46CCC9</delegate>
<previousColumn>false</previousColumn>
<autoIncrementCycle>false</autoIncrementCycle>
<associations>
<colAssociation fkAssociation="46CEB913-0D25-E067-F23E-84C995E7A5FB" referredColumn="E099A48A-4462-8447-247A-714DAB46CCC9"/>
</associations>
</Column>
<Column name="vehicle_current_km" id="B3D597DF-5912-B532-7729-7F28D009CC5D">
<createdBy>cristian_cartofeanu</createdBy>
<createdTime>2014-12-09 21:35:52 UTC</createdTime>
<generatorID>B2A9A127-0CD3-9332-24CD-8184DE6D8D74</generatorID>
<ownerDesignName>Car_Rent_Model</ownerDesignName>
<useDomainConstraints>false</useDomainConstraints>
<use>1</use>
<logicalDatatype>LOGDT011</logicalDatatype>
<autoIncrementCycle>false</autoIncrementCycle>
</Column>
<Column name="Car_engine_size" id="7D0CAFC7-E483-8D53-FF13-C3A9DE0B3CED">
<createdBy>cristian_cartofeanu</createdBy>
<createdTime>2014-12-09 21:35:52 UTC</createdTime>
<generatorID>D086FAF4-87B5-F54A-2910-6C76934D38CA</generatorID>
<ownerDesignName>Car_Rent_Model</ownerDesignName>
<useDomainConstraints>false</useDomainConstraints>
<use>1</use>
<logicalDatatype>LOGDT021</logicalDatatype>
<autoIncrementCycle>false</autoIncrementCycle>
</Column>
<Column name="Price" id="3AA9AC15-BF16-7E2C-8FB1-DE02A97374B0">
<createdBy>cristian_cartofeanu</createdBy>
<createdTime>2014-12-09 21:35:52 UTC</createdTime>
<generatorID>81FBF151-6A52-EBD1-6992-D6C056A8B0D5</generatorID>
<ownerDesignName>Car_Rent_Model</ownerDesignName>
<useDomainConstraints>false</useDomainConstraints>
<use>1</use>
<logicalDatatype>LOGDT043</logicalDatatype>
<autoIncrementCycle>false</autoIncrementCycle>
</Column>
</columns>
<indexes itemClass="oracle.dbtools.crest.model.design.relational.Index">
<ind_PK_UK id="8C638EB6-B55F-0D4C-E3F4-C525EA937F36" name="Vehicles_PK">
<createdBy>cristian_cartofeanu</createdBy>
<createdTime>2014-12-09 21:35:52 UTC</createdTime>
<generatorID>EAE26912-5132-1A6B-A0D8-0FFB1B00E70E</generatorID>
<ownerDesignName>Car_Rent_Model</ownerDesignName>
<pk>true</pk>
<indexState>Primary Constraint</indexState>
<isSurrogateKey>false</isSurrogateKey>
<indexColumnUsage>
<colUsage columnID="489A3D47-4DB7-1FD9-99EA-68161EB6F07D"/>
</indexColumnUsage>
</ind_PK_UK>
<ind_PK_UK id="46CEF251-4205-EC3C-FB73-F80A6989CBFE" name="Vehicles_Brand_FK">
<createdBy>cristian_cartofeanu</createdBy>
<createdTime>2014-12-09 21:35:52 UTC</createdTime>
<generatorID>1065AEA7-54CF-6D5D-9755-E3BCCA79FCB2</generatorID>
<ownerDesignName>Car_Rent_Model</ownerDesignName>
<indexState>Foreign Key</indexState>
<isSurrogateKey>false</isSurrogateKey>
<indexColumnUsage>
<colUsage columnID="3DDCDA7E-9C21-6571-6434-A4ECE528E699"/>
</indexColumnUsage>
</ind_PK_UK>
</indexes>
</Table>