<?xml version = '1.0' encoding = 'UTF-8'?>
<Table class="oracle.dbtools.crest.model.design.relational.Table" directorySegmentName="seg_0" id="7BBD182C-0502-DEBB-761E-62E84EA0F4A4" name="Insurance">
<createdBy>cristian_cartofeanu</createdBy>
<createdTime>2014-12-09 21:35:52 UTC</createdTime>
<generatorID>CAA3CAD2-83A3-4988-51AA-EB4A83017911</generatorID>
<ownerDesignName>Car_Rent_Model</ownerDesignName>
<allowColumnReorder>false</allowColumnReorder>
<existDependencyGenerateInDDl>true</existDependencyGenerateInDDl>
<columns itemClass="oracle.dbtools.crest.model.design.relational.Column">
<Column name="insurance_ID" id="D1A5456F-D4C0-AB86-2A2C-4E3F17C56971">
<createdBy>cristian_cartofeanu</createdBy>
<createdTime>2014-12-09 21:35:52 UTC</createdTime>
<generatorID>BBE7C7E0-7D62-680E-AAD4-795342ABC4BB</generatorID>
<ownerDesignName>Car_Rent_Model</ownerDesignName>
<useDomainConstraints>false</useDomainConstraints>
<use>1</use>
<logicalDatatype>LOGDT011</logicalDatatype>
<autoIncrementCycle>false</autoIncrementCycle>
</Column>
<Column name="ins_type" id="A781211A-70FF-FB79-6A7C-627B933D1E3D">
<createdBy>cristian_cartofeanu</createdBy>
<createdTime>2014-12-09 21:35:52 UTC</createdTime>
<generatorID>909F7DCB-FA48-33F5-7002-A312D5DD42DE</generatorID>
<ownerDesignName>Car_Rent_Model</ownerDesignName>
<useDomainConstraints>false</useDomainConstraints>
<use>1</use>
<logicalDatatype>LOGDT024</logicalDatatype>
<dataTypeSize>30</dataTypeSize>
<autoIncrementCycle>false</autoIncrementCycle>
</Column>
</columns>
<indexes itemClass="oracle.dbtools.crest.model.design.relational.Index">
<ind_PK_UK id="0D22BE44-32D5-0575-376D-EA84C960EB87" name="Insurance_PK">
<createdBy>cristian_cartofeanu</createdBy>
<createdTime>2014-12-09 21:35:52 UTC</createdTime>
<generatorID>93D3AF89-08A6-E29A-7A13-DFCC3A99280D</generatorID>
<ownerDesignName>Car_Rent_Model</ownerDesignName>
<pk>true</pk>
<indexState>Primary Constraint</indexState>
<isSurrogateKey>false</isSurrogateKey>
<indexColumnUsage>
<colUsage columnID="D1A5456F-D4C0-AB86-2A2C-4E3F17C56971"/>
</indexColumnUsage>
</ind_PK_UK>
</indexes>
</Table>