<?xml version = '1.0' encoding = 'UTF-8'?>
<Table class="oracle.dbtools.crest.model.design.relational.Table" directorySegmentName="seg_0" id="7EBA203E-7D01-C5FD-459C-67EF4DB1D300" name="cust_book">
<createdBy>cristian_cartofeanu</createdBy>
<createdTime>2014-12-09 21:35:52 UTC</createdTime>
<ownerDesignName>Car_Rent_Model</ownerDesignName>
<allowColumnReorder>false</allowColumnReorder>
<existDependencyGenerateInDDl>true</existDependencyGenerateInDDl>
<columns itemClass="oracle.dbtools.crest.model.design.relational.Column">
<Column name="custumer_ID" id="8B4367FC-18F8-6F86-4833-85CF44EBB626">
<createdBy>cristian_cartofeanu</createdBy>
<createdTime>2014-12-09 21:35:52 UTC</createdTime>
<ownerDesignName>Car_Rent_Model</ownerDesignName>
<useDomainConstraints>false</useDomainConstraints>
<use>1</use>
<logicalDatatype>LOGDT011</logicalDatatype>
<delegate>393A2E84-231E-FEFB-4F53-0FA5C6BE547D</delegate>
<previousColumn>false</previousColumn>
<autoIncrementCycle>false</autoIncrementCycle>
<associations>
<colAssociation fkAssociation="361114BB-0394-BF87-A589-B09AB9DB8E26" referredColumn="393A2E84-231E-FEFB-4F53-0FA5C6BE547D"/>
</associations>
</Column>
<Column name="booking_ID" id="B460EED1-DF84-5502-9FE6-8AE42173203F">
<createdBy>cristian_cartofeanu</createdBy>
<createdTime>2014-12-09 21:35:52 UTC</createdTime>
<ownerDesignName>Car_Rent_Model</ownerDesignName>
<useDomainConstraints>false</useDomainConstraints>
<use>1</use>
<logicalDatatype>LOGDT011</logicalDatatype>
<delegate>AB101771-B6C3-D303-675F-ACC526A3EED3</delegate>
<previousColumn>false</previousColumn>
<autoIncrementCycle>false</autoIncrementCycle>
<associations>
<colAssociation fkAssociation="7E1AA1D6-EA87-5C6B-5B6E-867D26EDBA82" referredColumn="AB101771-B6C3-D303-675F-ACC526A3EED3"/>
</associations>
</Column>
</columns>
<indexes itemClass="oracle.dbtools.crest.model.design.relational.Index">
<ind_PK_UK id="0B44B5B1-F07E-35FA-D224-F03CADD5B97B" name="cust_book_PK">
<createdBy>cristian_cartofeanu</createdBy>
<createdTime>2014-12-09 21:35:52 UTC</createdTime>
<ownerDesignName>Car_Rent_Model</ownerDesignName>
<pk>true</pk>
<indexState>Primary Constraint</indexState>
<isSurrogateKey>false</isSurrogateKey>
<indexColumnUsage>
<colUsage columnID="8B4367FC-18F8-6F86-4833-85CF44EBB626"/>
<colUsage columnID="B460EED1-DF84-5502-9FE6-8AE42173203F"/>
</indexColumnUsage>
</ind_PK_UK>
<ind_PK_UK id="CA312233-4F8F-609A-FCFB-204181895CC6" name="FK_ASS_4">
<createdBy>cristian_cartofeanu</createdBy>
<createdTime>2014-12-09 21:35:52 UTC</createdTime>
<generatorID>9F5834E5-D103-4F11-458C-9A91DC49E558</generatorID>
<ownerDesignName>Car_Rent_Model</ownerDesignName>
<indexState>Foreign Key</indexState>
<isSurrogateKey>false</isSurrogateKey>
<indexColumnUsage>
<colUsage columnID="8B4367FC-18F8-6F86-4833-85CF44EBB626"/>
</indexColumnUsage>
</ind_PK_UK>
<ind_PK_UK id="E002FA82-55B5-6F29-01F8-FEE3B3EFA213" name="FK_ASS_5">
<createdBy>cristian_cartofeanu</createdBy>
<createdTime>2014-12-09 21:35:52 UTC</createdTime>
<generatorID>9F5834E5-D103-4F11-458C-9A91DC49E558</generatorID>
<ownerDesignName>Car_Rent_Model</ownerDesignName>
<indexState>Foreign Key</indexState>
<isSurrogateKey>false</isSurrogateKey>
<indexColumnUsage>
<colUsage columnID="B460EED1-DF84-5502-9FE6-8AE42173203F"/>
</indexColumnUsage>
</ind_PK_UK>
</indexes>
</Table>