<?xml version = '1.0' encoding = 'UTF-8'?>
<Table class="oracle.dbtools.crest.model.design.relational.Table" directorySegmentName="seg_0" id="983B574C-9769-F9ED-4322-23DB7DA1472E" name="Veh_Av">
<createdBy>cristian_cartofeanu</createdBy>
<createdTime>2014-12-09 21:35:52 UTC</createdTime>
<generatorID>F334A117-D363-BDAA-662B-49F3E9149707</generatorID>
<ownerDesignName>Car_Rent_Model</ownerDesignName>
<allowColumnReorder>false</allowColumnReorder>
<existDependencyGenerateInDDl>true</existDependencyGenerateInDDl>
<columns itemClass="oracle.dbtools.crest.model.design.relational.Column">
<Column name="veh_av_ID" id="48424E77-EC57-1FA9-D71B-811CA6502667">
<createdBy>cristian_cartofeanu</createdBy>
<createdTime>2014-12-09 21:35:52 UTC</createdTime>
<generatorID>F5C5BA6C-8156-CE62-F518-F672A03AA78B</generatorID>
<ownerDesignName>Car_Rent_Model</ownerDesignName>
<useDomainConstraints>false</useDomainConstraints>
<use>1</use>
<logicalDatatype>LOGDT011</logicalDatatype>
<autoIncrementCycle>false</autoIncrementCycle>
</Column>
<Column name="vehicle_ID" id="F57BAAAB-FB28-0E31-E24F-05A6634EA966">
<createdBy>cristian_cartofeanu</createdBy>
<createdTime>2014-12-09 21:35:52 UTC</createdTime>
<generatorID>428481B6-E47F-44C0-F466-EC83A4C6BEC2</generatorID>
<ownerDesignName>Car_Rent_Model</ownerDesignName>
<useDomainConstraints>false</useDomainConstraints>
<use>1</use>
<logicalDatatype>LOGDT011</logicalDatatype>
<delegate>489A3D47-4DB7-1FD9-99EA-68161EB6F07D</delegate>
<previousColumn>false</previousColumn>
<autoIncrementCycle>false</autoIncrementCycle>
<associations>
<colAssociation fkAssociation="8A74830F-E94F-519C-76F9-77E4CA6DAD29" referredColumn="489A3D47-4DB7-1FD9-99EA-68161EB6F07D"/>
</associations>
</Column>
<Column name="is_avail_until" id="5F44CFAC-14E7-09D6-B93B-09FAF1F48455">
<createdBy>cristian_cartofeanu</createdBy>
<createdTime>2014-12-09 21:35:52 UTC</createdTime>
<generatorID>4FF26197-9734-9E4C-BAF5-B8796F04FACA</generatorID>
<ownerDesignName>Car_Rent_Model</ownerDesignName>
<nullsAllowed>true</nullsAllowed>
<useDomainConstraints>false</useDomainConstraints>
<use>1</use>
<logicalDatatype>LOGDT007</logicalDatatype>
<autoIncrementCycle>false</autoIncrementCycle>
</Column>
<Column name="is_avail_from" id="1AAAEFB3-8A9C-3BC9-18EC-7136D01003C8">
<createdBy>cristian_cartofeanu</createdBy>
<createdTime>2014-12-09 21:35:52 UTC</createdTime>
<generatorID>058C3745-AF2B-AC51-1410-B49CDB47707D</generatorID>
<ownerDesignName>Car_Rent_Model</ownerDesignName>
<nullsAllowed>true</nullsAllowed>
<useDomainConstraints>false</useDomainConstraints>
<use>1</use>
<logicalDatatype>LOGDT007</logicalDatatype>
<autoIncrementCycle>false</autoIncrementCycle>
</Column>
</columns>
<indexes itemClass="oracle.dbtools.crest.model.design.relational.Index">
<ind_PK_UK id="6E1CB2CC-E084-7D4A-8655-C1A44AD26BC0" name="Veh_Av_PK">
<createdBy>cristian_cartofeanu</createdBy>
<createdTime>2014-12-09 21:35:52 UTC</createdTime>
<generatorID>C334285D-E004-9D40-793C-0FFC355BBD5C</generatorID>
<ownerDesignName>Car_Rent_Model</ownerDesignName>
<pk>true</pk>
<indexState>Primary Constraint</indexState>
<isSurrogateKey>false</isSurrogateKey>
<indexColumnUsage>
<colUsage columnID="48424E77-EC57-1FA9-D71B-811CA6502667"/>
</indexColumnUsage>
</ind_PK_UK>
<ind_PK_UK id="595340BD-036D-4053-3EAF-34E200F63603" name="Veh_Av_Vehicles_FK">
<createdBy>cristian_cartofeanu</createdBy>
<createdTime>2014-12-09 21:35:52 UTC</createdTime>
<generatorID>AFF46159-5482-025F-C4B5-DBAB4FD22845</generatorID>
<ownerDesignName>Car_Rent_Model</ownerDesignName>
<indexState>Foreign Key</indexState>
<isSurrogateKey>false</isSurrogateKey>
<indexColumnUsage>
<colUsage columnID="F57BAAAB-FB28-0E31-E24F-05A6634EA966"/>
</indexColumnUsage>
</ind_PK_UK>
</indexes>
</Table>