<?xml version = '1.0' encoding = 'UTF-8'?>
<Table class="oracle.dbtools.crest.model.design.relational.Table" directorySegmentName="seg_0" id="CE5C9524-7DC0-2C36-4E35-C81D1954FB7B" name="Custumer">
<createdBy>cristian_cartofeanu</createdBy>
<createdTime>2014-12-09 21:35:52 UTC</createdTime>
<generatorID>2FAACFFE-F0EE-76EB-C1AC-3220D98E7FA1</generatorID>
<ownerDesignName>Car_Rent_Model</ownerDesignName>
<allowColumnReorder>false</allowColumnReorder>
<existDependencyGenerateInDDl>true</existDependencyGenerateInDDl>
<columns itemClass="oracle.dbtools.crest.model.design.relational.Column">
<Column name="custumer_ID" id="393A2E84-231E-FEFB-4F53-0FA5C6BE547D">
<createdBy>cristian_cartofeanu</createdBy>
<createdTime>2014-12-09 21:35:52 UTC</createdTime>
<generatorID>59C84E48-56E6-84A4-86AC-351F2DAC5EE4</generatorID>
<ownerDesignName>Car_Rent_Model</ownerDesignName>
<useDomainConstraints>false</useDomainConstraints>
<use>1</use>
<logicalDatatype>LOGDT011</logicalDatatype>
<autoIncrementCycle>false</autoIncrementCycle>
</Column>
<Column name="custumer_driving_ID" id="9CAC81F7-EFE1-F672-C1DD-775FE7DDB845">
<createdBy>cristian_cartofeanu</createdBy>
<createdTime>2014-12-09 21:35:52 UTC</createdTime>
<generatorID>B66CA975-F59C-97CB-CD42-BC2320A4AFEE</generatorID>
<ownerDesignName>Car_Rent_Model</ownerDesignName>
<useDomainConstraints>false</useDomainConstraints>
<use>1</use>
<logicalDatatype>LOGDT011</logicalDatatype>
<autoIncrementCycle>false</autoIncrementCycle>
</Column>
<Column name="custumer_first_name" id="DA9C9CFA-FCC7-C48A-3F59-0B035EE0CE28">
<createdBy>cristian_cartofeanu</createdBy>
<createdTime>2014-12-09 21:35:52 UTC</createdTime>
<generatorID>AAEA0226-34ED-3CE9-4334-A63B2B12EE2F</generatorID>
<ownerDesignName>Car_Rent_Model</ownerDesignName>
<useDomainConstraints>false</useDomainConstraints>
<use>1</use>
<logicalDatatype>LOGDT024</logicalDatatype>
<dataTypeSize>20</dataTypeSize>
<autoIncrementCycle>false</autoIncrementCycle>
</Column>
<Column name="custumer_second_name" id="5589646C-A7DF-BC8B-C7D5-E27AC7F80AD5">
<createdBy>cristian_cartofeanu</createdBy>
<createdTime>2014-12-09 21:35:52 UTC</createdTime>
<generatorID>28CCF985-4A4A-3AB1-8DF4-8DF72C264117</generatorID>
<ownerDesignName>Car_Rent_Model</ownerDesignName>
<useDomainConstraints>false</useDomainConstraints>
<use>1</use>
<logicalDatatype>LOGDT024</logicalDatatype>
<dataTypeSize>20</dataTypeSize>
<autoIncrementCycle>false</autoIncrementCycle>
</Column>
<Column name="email_adress" id="EEA91CF9-E982-E86E-AC2F-157959499A26">
<createdBy>cristian_cartofeanu</createdBy>
<createdTime>2014-12-09 21:35:52 UTC</createdTime>
<generatorID>F50F6F64-1B71-FABA-9F8C-D8824A8B7EA4</generatorID>
<ownerDesignName>Car_Rent_Model</ownerDesignName>
<useDomainConstraints>false</useDomainConstraints>
<use>1</use>
<logicalDatatype>LOGDT024</logicalDatatype>
<dataTypeSize>30</dataTypeSize>
<autoIncrementCycle>false</autoIncrementCycle>
</Column>
<Column name="contact_number" id="CA5C93C7-0036-6FFA-A93A-278CA5941F6D">
<createdBy>cristian_cartofeanu</createdBy>
<createdTime>2014-12-09 21:35:52 UTC</createdTime>
<generatorID>499302B5-95F5-C74C-6BC7-5C6704624A91</generatorID>
<ownerDesignName>Car_Rent_Model</ownerDesignName>
<useDomainConstraints>false</useDomainConstraints>
<use>1</use>
<logicalDatatype>LOGDT011</logicalDatatype>
<autoIncrementCycle>false</autoIncrementCycle>
</Column>
<Column name="adress" id="C81BCCCE-FDCB-FE6B-28A1-269460F08AA9">
<createdBy>cristian_cartofeanu</createdBy>
<createdTime>2014-12-09 21:35:52 UTC</createdTime>
<generatorID>C9D30C0A-28C5-1335-1125-835049E978B9</generatorID>
<ownerDesignName>Car_Rent_Model</ownerDesignName>
<useDomainConstraints>false</useDomainConstraints>
<use>1</use>
<logicalDatatype>LOGDT024</logicalDatatype>
<dataTypeSize>20</dataTypeSize>
<autoIncrementCycle>false</autoIncrementCycle>
</Column>
<Column name="zip_code" id="D88A5860-201D-7C44-9B55-96750BABA4B0">
<createdBy>cristian_cartofeanu</createdBy>
<createdTime>2014-12-09 21:35:52 UTC</createdTime>
<generatorID>2E9C9C89-3F79-491C-3CBC-63CD78F1F9E1</generatorID>
<ownerDesignName>Car_Rent_Model</ownerDesignName>
<useDomainConstraints>false</useDomainConstraints>
<use>1</use>
<logicalDatatype>LOGDT011</logicalDatatype>
<autoIncrementCycle>false</autoIncrementCycle>
</Column>
<Column name="city" id="F0F43801-6692-FCC6-306E-970F6ACDF379">
<createdBy>cristian_cartofeanu</createdBy>
<createdTime>2014-12-09 21:35:52 UTC</createdTime>
<generatorID>1D6BB264-64E9-B1AC-3104-9E54983768B2</generatorID>
<ownerDesignName>Car_Rent_Model</ownerDesignName>
<useDomainConstraints>false</useDomainConstraints>
<use>1</use>
<logicalDatatype>LOGDT024</logicalDatatype>
<dataTypeSize>20</dataTypeSize>
<autoIncrementCycle>false</autoIncrementCycle>
</Column>
<Column name="state" id="81989477-1CB2-E02E-EA56-7D37A133345C">
<createdBy>cristian_cartofeanu</createdBy>
<createdTime>2014-12-09 21:35:52 UTC</createdTime>
<generatorID>8EBE1EBF-118E-7BCD-D0F7-7F79DC0EAA01</generatorID>
<ownerDesignName>Car_Rent_Model</ownerDesignName>
<nullsAllowed>true</nullsAllowed>
<useDomainConstraints>false</useDomainConstraints>
<use>1</use>
<logicalDatatype>LOGDT024</logicalDatatype>
<dataTypeSize>20</dataTypeSize>
<autoIncrementCycle>false</autoIncrementCycle>
</Column>
<Column name="country" id="7A0DD1D0-BF1D-E7EA-D4E9-3CD791D0CBAA">
<createdBy>cristian_cartofeanu</createdBy>
<createdTime>2014-12-09 21:35:52 UTC</createdTime>
<generatorID>97882E9B-8451-CDC3-3AD5-F5382DDFE6A1</generatorID>
<ownerDesignName>Car_Rent_Model</ownerDesignName>
<useDomainConstraints>false</useDomainConstraints>
<use>1</use>
<logicalDatatype>LOGDT024</logicalDatatype>
<dataTypeSize>20</dataTypeSize>
<autoIncrementCycle>false</autoIncrementCycle>
</Column>
</columns>
<indexes itemClass="oracle.dbtools.crest.model.design.relational.Index">
<ind_PK_UK id="3D71D90B-1CA0-BA08-18C9-438FDBE85D6E" name="Custumer_PK">
<createdBy>cristian_cartofeanu</createdBy>
<createdTime>2014-12-09 21:35:52 UTC</createdTime>
<generatorID>BE6E0B0B-E54D-3AB8-057D-3BEB5E55E96C</generatorID>
<ownerDesignName>Car_Rent_Model</ownerDesignName>
<pk>true</pk>
<indexState>Primary Constraint</indexState>
<isSurrogateKey>false</isSurrogateKey>
<indexColumnUsage>
<colUsage columnID="393A2E84-231E-FEFB-4F53-0FA5C6BE547D"/>
</indexColumnUsage>
</ind_PK_UK>
</indexes>
</Table>