<?xml version = '1.0' encoding = 'UTF-8'?>
<relationalModel class="oracle.dbtools.crest.model.design.relational.RelationalDesign" name="Relational_1" id="1CE75143-B5A1-73CE-2E4C-7A9DFCA58412" mainViewID="74CE45D6-3A7A-5480-9E1F-29C534C88BDE">
<createdBy>cristian_cartofeanu</createdBy>
<createdTime>2014-12-09 21:35:40 UTC</createdTime>
<ownerDesignName>Car_Rent_Model</ownerDesignName>
<shouldBeOpen>false</shouldBeOpen>
<selectedRDBMSSite>32076570-2523-435C-2E92-BF29817DFF70</selectedRDBMSSite>
</relationalModel>