<?xml version = '1.0' encoding = 'UTF-8'?>
<Relation class="oracle.dbtools.crest.model.design.logical.Relation" name="veh_brand" directorySegmentName="seg_0" id="1065AEA7-54CF-6D5D-9755-E3BCCA79FCB2">
<createdBy>cristian_cartofeanu</createdBy>
<createdTime>2014-11-08 16:59:58 UTC</createdTime>
<ownerDesignName>Car_Rent_Model</ownerDesignName>
<engineerTo>
<item key="EFC5CC21-F789-AD7C-DE7C-63F870D4ED93" value="true"/>
</engineerTo>
<sourcePk>EAE26912-5132-1A6B-A0D8-0FFB1B00E70E</sourcePk>
<targetPk>90FC9786-FD43-F93C-3B89-41A497E94475</targetPk>
<identifying>false</identifying>
<optionalSource>false</optionalSource>
<optionalTarget>false</optionalTarget>
<sourceCardinality>*</sourceCardinality>
<sourceEntity>82B1A374-0941-4C3D-04C9-F1603C0EDE38</sourceEntity>
<targetCardinalityString>1</targetCardinalityString>
<targetEntity>56E93024-9433-BB66-BC90-6902CE509FEB</targetEntity>
<transferable>true</transferable>
<deleteRule>NO ACTION</deleteRule>
</Relation>