<?xml version = '1.0' encoding = 'UTF-8'?>
<Relation class="oracle.dbtools.crest.model.design.logical.Relation" name="book_veh" directorySegmentName="seg_0" id="1C756BA7-A08B-51BA-AA09-3485F5A2A90C">
<createdBy>cristian_cartofeanu</createdBy>
<createdTime>2014-11-08 17:09:06 UTC</createdTime>
<ownerDesignName>Car_Rent_Model</ownerDesignName>
<engineerTo>
<item key="69107BE6-3B56-6F9D-23EF-5F819CA4852B" value="true"/>
</engineerTo>
<sourcePk>709EB30B-E742-20F8-D895-E53C836CA375</sourcePk>
<targetPk>EAE26912-5132-1A6B-A0D8-0FFB1B00E70E</targetPk>
<identifying>false</identifying>
<optionalSource>false</optionalSource>
<optionalTarget>true</optionalTarget>
<sourceCardinality>*</sourceCardinality>
<sourceEntity>BC877256-23FE-F362-5E2D-1C5F1B35F8AE</sourceEntity>
<targetCardinalityString>1</targetCardinalityString>
<targetEntity>82B1A374-0941-4C3D-04C9-F1603C0EDE38</targetEntity>
<transferable>true</transferable>
<deleteRule>NO ACTION</deleteRule>
</Relation>