<?xml version = '1.0' encoding = 'UTF-8'?>
<Relation class="oracle.dbtools.crest.model.design.logical.Relation" name="Book_Insurance" directorySegmentName="seg_0" id="38B2B620-3AFA-054A-44B6-A580DDE9E57F">
<createdBy>cristian_cartofeanu</createdBy>
<createdTime>2014-11-10 15:58:28 UTC</createdTime>
<ownerDesignName>Car_Rent_Model</ownerDesignName>
<engineerTo>
<item key="1CE75143-B5A1-73CE-2E4C-7A9DFCA58412" value="true"/>
</engineerTo>
<sourcePk>93D3AF89-08A6-E29A-7A13-DFCC3A99280D</sourcePk>
<targetPk>709EB30B-E742-20F8-D895-E53C836CA375</targetPk>
<identifying>false</identifying>
<optionalSource>false</optionalSource>
<optionalTarget>true</optionalTarget>
<sourceCardinality>1</sourceCardinality>
<sourceEntity>CAA3CAD2-83A3-4988-51AA-EB4A83017911</sourceEntity>
<targetCardinalityString>*</targetCardinalityString>
<targetEntity>BC877256-23FE-F362-5E2D-1C5F1B35F8AE</targetEntity>
<transferable>true</transferable>
<deleteRule>NO ACTION</deleteRule>
</Relation>