<?xml version = '1.0' encoding = 'UTF-8'?>
<Relation class="oracle.dbtools.crest.model.design.logical.Relation" name="Booking_gad" directorySegmentName="seg_0" id="447465FC-3BF9-6555-2609-A1EC3D97247D">
<createdBy>cristian_cartofeanu</createdBy>
<createdTime>2014-11-10 15:58:55 UTC</createdTime>
<ownerDesignName>Car_Rent_Model</ownerDesignName>
<engineerTo>
<item key="1CE75143-B5A1-73CE-2E4C-7A9DFCA58412" value="true"/>
</engineerTo>
<sourcePk>9C6219C6-EB7B-B1C6-A48F-6EE495C7571F</sourcePk>
<targetPk>709EB30B-E742-20F8-D895-E53C836CA375</targetPk>
<identifying>false</identifying>
<optionalSource>false</optionalSource>
<optionalTarget>true</optionalTarget>
<sourceCardinality>1</sourceCardinality>
<sourceEntity>A24557C4-2500-76EA-F575-BCE6BDD6511D</sourceEntity>
<targetCardinalityString>*</targetCardinalityString>
<targetEntity>BC877256-23FE-F362-5E2D-1C5F1B35F8AE</targetEntity>
<transferable>true</transferable>
<deleteRule>NO ACTION</deleteRule>
</Relation>