<?xml version = '1.0' encoding = 'UTF-8'?>
<Relation class="oracle.dbtools.crest.model.design.logical.Relation" name="cust_book" directorySegmentName="seg_0" id="9F5834E5-D103-4F11-458C-9A91DC49E558">
<createdBy>cristian_cartofeanu</createdBy>
<createdTime>2014-11-08 17:08:40 UTC</createdTime>
<ownerDesignName>Car_Rent_Model</ownerDesignName>
<engineerTo>
<item key="D07C157C-5329-05F6-A5F7-024410DC4816" value="true"/>
</engineerTo>
<sourcePk>BE6E0B0B-E54D-3AB8-057D-3BEB5E55E96C</sourcePk>
<identifying>false</identifying>
<optionalSource>true</optionalSource>
<optionalTarget>false</optionalTarget>
<sourceCardinality>*</sourceCardinality>
<sourceEntity>2FAACFFE-F0EE-76EB-C1AC-3220D98E7FA1</sourceEntity>
<targetCardinalityString>*</targetCardinalityString>
<targetEntity>BC877256-23FE-F362-5E2D-1C5F1B35F8AE</targetEntity>
<transferable>true</transferable>
<deleteRule>NO ACTION</deleteRule>
</Relation>