<?xml version = '1.0' encoding = 'UTF-8'?>
<Relation class="oracle.dbtools.crest.model.design.logical.Relation" name="vehicle_av" directorySegmentName="seg_0" id="AFF46159-5482-025F-C4B5-DBAB4FD22845">
<createdBy>cristian_cartofeanu</createdBy>
<createdTime>2014-11-08 19:46:47 UTC</createdTime>
<ownerDesignName>Car_Rent_Model</ownerDesignName>
<engineerTo>
<item key="C09A8F28-5A28-46B6-3FCC-FED4F0B73153" value="true"/>
</engineerTo>
<sourcePk>EAE26912-5132-1A6B-A0D8-0FFB1B00E70E</sourcePk>
<identifying>false</identifying>
<optionalSource>true</optionalSource>
<optionalTarget>false</optionalTarget>
<sourceCardinality>1</sourceCardinality>
<sourceEntity>82B1A374-0941-4C3D-04C9-F1603C0EDE38</sourceEntity>
<targetCardinalityString>*</targetCardinalityString>
<targetEntity>F334A117-D363-BDAA-662B-49F3E9149707</targetEntity>
<transferable>true</transferable>
<deleteRule>NO ACTION</deleteRule>
</Relation>