<?xml version = '1.0' encoding = 'UTF-8'?>
<Entity class="oracle.dbtools.crest.model.design.logical.Entity" directorySegmentName="seg_0" id="2FAACFFE-F0EE-76EB-C1AC-3220D98E7FA1" name="Custumer">
<createdBy>cristian_cartofeanu</createdBy>
<createdTime>2014-10-14 14:17:44 UTC</createdTime>
<ownerDesignName>Car_Rent_Model</ownerDesignName>
<engineerTo>
<item key="1CE75143-B5A1-73CE-2E4C-7A9DFCA58412" value="true"/>
</engineerTo>
<adequatelyNormalized>NO</adequatelyNormalized>
<expectedVolumes>0</expectedVolumes>
<fwdEngineeringStrategyName>Single Table</fwdEngineeringStrategyName>
<growthPercent>0</growthPercent>
<growthType>Year</growthType>
<maxVolumes>9999999</maxVolumes>
<minVolumes>0</minVolumes>
<normalForm>Third</normalForm>
<attributes itemClass="oracle.dbtools.crest.model.design.logical.Attribute">
<Attribute name="custumer_ID" id="59C84E48-56E6-84A4-86AC-351F2DAC5EE4">
<createdBy>cristian_cartofeanu</createdBy>
<createdTime>2014-10-14 14:17:53 UTC</createdTime>
<ownerDesignName>Car_Rent_Model</ownerDesignName>
<engineerTo>
<item key="1CE75143-B5A1-73CE-2E4C-7A9DFCA58412" value="true"/>
</engineerTo>
<useDomainConstraints>false</useDomainConstraints>
<use>1</use>
<logicalDatatype>LOGDT011</logicalDatatype>
</Attribute>
<Attribute name="custumer_driving_ID" id="B66CA975-F59C-97CB-CD42-BC2320A4AFEE">
<createdBy>cristian_cartofeanu</createdBy>
<createdTime>2014-10-15 14:22:34 UTC</createdTime>
<ownerDesignName>Car_Rent_Model</ownerDesignName>
<engineerTo>
<item key="1CE75143-B5A1-73CE-2E4C-7A9DFCA58412" value="true"/>
</engineerTo>
<useDomainConstraints>false</useDomainConstraints>
<use>1</use>
<logicalDatatype>LOGDT011</logicalDatatype>
</Attribute>
<Attribute name="custumer_first_name" id="AAEA0226-34ED-3CE9-4334-A63B2B12EE2F">
<createdBy>cristian_cartofeanu</createdBy>
<createdTime>2014-10-14 14:18:11 UTC</createdTime>
<ownerDesignName>Car_Rent_Model</ownerDesignName>
<engineerTo>
<item key="1CE75143-B5A1-73CE-2E4C-7A9DFCA58412" value="true"/>
</engineerTo>
<useDomainConstraints>false</useDomainConstraints>
<use>1</use>
<logicalDatatype>LOGDT024</logicalDatatype>
<dataTypeSize>20</dataTypeSize>
</Attribute>
<Attribute name="custumer_second_name" id="28CCF985-4A4A-3AB1-8DF4-8DF72C264117">
<createdBy>cristian_cartofeanu</createdBy>
<createdTime>2014-10-14 14:18:40 UTC</createdTime>
<ownerDesignName>Car_Rent_Model</ownerDesignName>
<engineerTo>
<item key="1CE75143-B5A1-73CE-2E4C-7A9DFCA58412" value="true"/>
</engineerTo>
<useDomainConstraints>false</useDomainConstraints>
<use>1</use>
<logicalDatatype>LOGDT024</logicalDatatype>
<dataTypeSize>20</dataTypeSize>
</Attribute>
<Attribute name="email_adress" id="F50F6F64-1B71-FABA-9F8C-D8824A8B7EA4">
<createdBy>cristian_cartofeanu</createdBy>
<createdTime>2014-10-14 14:19:11 UTC</createdTime>
<ownerDesignName>Car_Rent_Model</ownerDesignName>
<engineerTo>
<item key="1CE75143-B5A1-73CE-2E4C-7A9DFCA58412" value="true"/>
</engineerTo>
<useDomainConstraints>false</useDomainConstraints>
<use>1</use>
<logicalDatatype>LOGDT024</logicalDatatype>
<dataTypeSize>30</dataTypeSize>
</Attribute>
<Attribute name="contact_number" id="499302B5-95F5-C74C-6BC7-5C6704624A91">
<createdBy>cristian_cartofeanu</createdBy>
<createdTime>2014-10-14 14:19:39 UTC</createdTime>
<ownerDesignName>Car_Rent_Model</ownerDesignName>
<engineerTo>
<item key="1CE75143-B5A1-73CE-2E4C-7A9DFCA58412" value="true"/>
</engineerTo>
<useDomainConstraints>false</useDomainConstraints>
<use>1</use>
<logicalDatatype>LOGDT011</logicalDatatype>
</Attribute>
<Attribute name="adress" id="C9D30C0A-28C5-1335-1125-835049E978B9">
<createdBy>cristian_cartofeanu</createdBy>
<createdTime>2014-10-14 14:19:58 UTC</createdTime>
<ownerDesignName>Car_Rent_Model</ownerDesignName>
<engineerTo>
<item key="1CE75143-B5A1-73CE-2E4C-7A9DFCA58412" value="true"/>
</engineerTo>
<useDomainConstraints>false</useDomainConstraints>
<use>1</use>
<logicalDatatype>LOGDT024</logicalDatatype>
<dataTypeSize>20</dataTypeSize>
</Attribute>
<Attribute name="zip_code" id="2E9C9C89-3F79-491C-3CBC-63CD78F1F9E1">
<createdBy>cristian_cartofeanu</createdBy>
<createdTime>2014-10-14 14:21:39 UTC</createdTime>
<ownerDesignName>Car_Rent_Model</ownerDesignName>
<engineerTo>
<item key="1CE75143-B5A1-73CE-2E4C-7A9DFCA58412" value="true"/>
</engineerTo>
<useDomainConstraints>false</useDomainConstraints>
<use>1</use>
<logicalDatatype>LOGDT011</logicalDatatype>
</Attribute>
<Attribute name="city" id="1D6BB264-64E9-B1AC-3104-9E54983768B2">
<createdBy>cristian_cartofeanu</createdBy>
<createdTime>2014-10-14 14:20:17 UTC</createdTime>
<ownerDesignName>Car_Rent_Model</ownerDesignName>
<engineerTo>
<item key="1CE75143-B5A1-73CE-2E4C-7A9DFCA58412" value="true"/>
</engineerTo>
<useDomainConstraints>false</useDomainConstraints>
<use>1</use>
<logicalDatatype>LOGDT024</logicalDatatype>
<dataTypeSize>20</dataTypeSize>
</Attribute>
<Attribute name="state" id="8EBE1EBF-118E-7BCD-D0F7-7F79DC0EAA01">
<createdBy>cristian_cartofeanu</createdBy>
<createdTime>2014-10-14 14:20:42 UTC</createdTime>
<ownerDesignName>Car_Rent_Model</ownerDesignName>
<engineerTo>
<item key="1CE75143-B5A1-73CE-2E4C-7A9DFCA58412" value="true"/>
</engineerTo>
<nullsAllowed>true</nullsAllowed>
<useDomainConstraints>false</useDomainConstraints>
<use>1</use>
<logicalDatatype>LOGDT024</logicalDatatype>
<dataTypeSize>20</dataTypeSize>
</Attribute>
<Attribute name="country" id="97882E9B-8451-CDC3-3AD5-F5382DDFE6A1">
<createdBy>cristian_cartofeanu</createdBy>
<createdTime>2014-10-14 14:21:09 UTC</createdTime>
<ownerDesignName>Car_Rent_Model</ownerDesignName>
<engineerTo>
<item key="1CE75143-B5A1-73CE-2E4C-7A9DFCA58412" value="true"/>
</engineerTo>
<useDomainConstraints>false</useDomainConstraints>
<use>1</use>
<logicalDatatype>LOGDT024</logicalDatatype>
<dataTypeSize>20</dataTypeSize>
</Attribute>
</attributes>
<identifiers itemClass="oracle.dbtools.crest.model.design.logical.CandidateKey">
<identifier id="BE6E0B0B-E54D-3AB8-057D-3BEB5E55E96C" name="{entity} PK">
<createdBy>cristian_cartofeanu</createdBy>
<createdTime>2014-10-14 14:18:05 UTC</createdTime>
<ownerDesignName>Car_Rent_Model</ownerDesignName>
<engineerTo>
<item key="1CE75143-B5A1-73CE-2E4C-7A9DFCA58412" value="true"/>
</engineerTo>
<pk>true</pk>
<usedAttributes>
<attributeRef>59C84E48-56E6-84A4-86AC-351F2DAC5EE4</attributeRef>
</usedAttributes>
</identifier>
</identifiers>
</Entity>