<?xml version = '1.0' encoding = 'UTF-8'?>
<Entity class="oracle.dbtools.crest.model.design.logical.Entity" directorySegmentName="seg_0" id="56E93024-9433-BB66-BC90-6902CE509FEB" name="Brand">
<createdBy>cristian_cartofeanu</createdBy>
<createdTime>2014-11-04 12:45:18 UTC</createdTime>
<ownerDesignName>Car_Rent_Model</ownerDesignName>
<engineerTo>
<item key="1CE75143-B5A1-73CE-2E4C-7A9DFCA58412" value="true"/>
</engineerTo>
<adequatelyNormalized>NO</adequatelyNormalized>
<expectedVolumes>0</expectedVolumes>
<fwdEngineeringStrategyName>Single Table</fwdEngineeringStrategyName>
<growthPercent>0</growthPercent>
<growthType>Year</growthType>
<maxVolumes>9999999</maxVolumes>
<minVolumes>0</minVolumes>
<normalForm>Third</normalForm>
<attributes itemClass="oracle.dbtools.crest.model.design.logical.Attribute">
<Attribute name="brand_ID" id="632D401D-0999-92D7-353A-5CF73B71FFF5">
<createdBy>cristian_cartofeanu</createdBy>
<createdTime>2014-11-04 12:45:28 UTC</createdTime>
<ownerDesignName>Car_Rent_Model</ownerDesignName>
<engineerTo>
<item key="1CE75143-B5A1-73CE-2E4C-7A9DFCA58412" value="true"/>
</engineerTo>
<useDomainConstraints>false</useDomainConstraints>
<use>1</use>
<logicalDatatype>LOGDT021</logicalDatatype>
</Attribute>
<Attribute name="brand_name" id="B397D911-1C4A-0900-36AC-F0AE7E32CBDA">
<createdBy>cristian_cartofeanu</createdBy>
<createdTime>2014-11-04 12:45:43 UTC</createdTime>
<ownerDesignName>Car_Rent_Model</ownerDesignName>
<engineerTo>
<item key="1CE75143-B5A1-73CE-2E4C-7A9DFCA58412" value="true"/>
</engineerTo>
<useDomainConstraints>false</useDomainConstraints>
<use>1</use>
<logicalDatatype>LOGDT024</logicalDatatype>
<dataTypeSize>45</dataTypeSize>
</Attribute>
<Attribute name="model_name" id="48C0D83E-16C9-04A4-0B54-E30EDEF043AD">
<createdBy>cristian_cartofeanu</createdBy>
<createdTime>2014-11-04 12:45:55 UTC</createdTime>
<ownerDesignName>Car_Rent_Model</ownerDesignName>
<engineerTo>
<item key="1CE75143-B5A1-73CE-2E4C-7A9DFCA58412" value="true"/>
</engineerTo>
<useDomainConstraints>false</useDomainConstraints>
<use>1</use>
<logicalDatatype>LOGDT024</logicalDatatype>
<dataTypeSize>45</dataTypeSize>
</Attribute>
<Attribute name="Category" id="5C327D69-82CE-204A-1918-4FD03DDCCA3E">
<createdBy>cristian_cartofeanu</createdBy>
<createdTime>2014-11-09 00:14:28 UTC</createdTime>
<ownerDesignName>Car_Rent_Model</ownerDesignName>
<engineerTo>
<item key="1CE75143-B5A1-73CE-2E4C-7A9DFCA58412" value="true"/>
</engineerTo>
<useDomainConstraints>false</useDomainConstraints>
<use>1</use>
<logicalDatatype>LOGDT024</logicalDatatype>
<dataTypeSize>45</dataTypeSize>
</Attribute>
</attributes>
<identifiers itemClass="oracle.dbtools.crest.model.design.logical.CandidateKey">
<identifier id="90FC9786-FD43-F93C-3B89-41A497E94475" name="{entity} PK">
<createdBy>cristian_cartofeanu</createdBy>
<createdTime>2014-11-04 12:45:39 UTC</createdTime>
<ownerDesignName>Car_Rent_Model</ownerDesignName>
<engineerTo>
<item key="1CE75143-B5A1-73CE-2E4C-7A9DFCA58412" value="true"/>
</engineerTo>
<pk>true</pk>
<newElementsIDs>632D401D-0999-92D7-353A-5CF73B71FFF5</newElementsIDs>
<usedAttributes>
<attributeRef>632D401D-0999-92D7-353A-5CF73B71FFF5</attributeRef>
</usedAttributes>
</identifier>
</identifiers>
</Entity>