<?xml version = '1.0' encoding = 'UTF-8'?>
<Entity class="oracle.dbtools.crest.model.design.logical.Entity" directorySegmentName="seg_0" id="82B1A374-0941-4C3D-04C9-F1603C0EDE38" name="Vehicles">
<createdBy>cristian_cartofeanu</createdBy>
<createdTime>2014-11-08 16:55:16 UTC</createdTime>
<ownerDesignName>Car_Rent_Model</ownerDesignName>
<engineerTo>
<item key="1CE75143-B5A1-73CE-2E4C-7A9DFCA58412" value="true"/>
</engineerTo>
<adequatelyNormalized>NO</adequatelyNormalized>
<expectedVolumes>0</expectedVolumes>
<fwdEngineeringStrategyName>Single Table</fwdEngineeringStrategyName>
<growthPercent>0</growthPercent>
<growthType>Year</growthType>
<maxVolumes>9999999</maxVolumes>
<minVolumes>0</minVolumes>
<normalForm>Third</normalForm>
<attributes itemClass="oracle.dbtools.crest.model.design.logical.Attribute">
<Attribute name="vehicle_ID" id="5BF89405-69CC-6566-1482-13C9FCAA9E18">
<createdBy>cristian_cartofeanu</createdBy>
<createdTime>2014-11-08 16:55:29 UTC</createdTime>
<ownerDesignName>Car_Rent_Model</ownerDesignName>
<engineerTo>
<item key="1CE75143-B5A1-73CE-2E4C-7A9DFCA58412" value="true"/>
</engineerTo>
<useDomainConstraints>false</useDomainConstraints>
<use>1</use>
<logicalDatatype>LOGDT011</logicalDatatype>
</Attribute>
<Attribute name="brand_ID" id="22B929FF-FDBF-2261-A695-2DA484E770D9">
<createdBy>cristian_cartofeanu</createdBy>
<createdTime>2014-11-08 17:00:16 UTC</createdTime>
<generatorID>1065AEA7-54CF-6D5D-9755-E3BCCA79FCB2</generatorID>
<ownerDesignName>Car_Rent_Model</ownerDesignName>
<engineerTo>
<item key="1CE75143-B5A1-73CE-2E4C-7A9DFCA58412" value="true"/>
</engineerTo>
<referedAttribute>632D401D-0999-92D7-353A-5CF73B71FFF5</referedAttribute>
<useDomainConstraints>false</useDomainConstraints>
<use>1</use>
<logicalDatatype>LOGDT021</logicalDatatype>
</Attribute>
<Attribute name="vehicle_current_km" id="B2A9A127-0CD3-9332-24CD-8184DE6D8D74">
<createdBy>cristian_cartofeanu</createdBy>
<createdTime>2014-11-08 16:55:44 UTC</createdTime>
<ownerDesignName>Car_Rent_Model</ownerDesignName>
<engineerTo>
<item key="1CE75143-B5A1-73CE-2E4C-7A9DFCA58412" value="true"/>
</engineerTo>
<useDomainConstraints>false</useDomainConstraints>
<use>1</use>
<logicalDatatype>LOGDT011</logicalDatatype>
</Attribute>
<Attribute name="Car_engine_size" id="D086FAF4-87B5-F54A-2910-6C76934D38CA">
<createdBy>cristian_cartofeanu</createdBy>
<createdTime>2014-11-10 11:27:46 UTC</createdTime>
<ownerDesignName>Car_Rent_Model</ownerDesignName>
<engineerTo>
<item key="1CE75143-B5A1-73CE-2E4C-7A9DFCA58412" value="true"/>
</engineerTo>
<useDomainConstraints>false</useDomainConstraints>
<use>1</use>
<logicalDatatype>LOGDT021</logicalDatatype>
</Attribute>
<Attribute name="Price" id="81FBF151-6A52-EBD1-6992-D6C056A8B0D5">
<createdBy>cristian_cartofeanu</createdBy>
<createdTime>2014-11-10 11:41:36 UTC</createdTime>
<ownerDesignName>Car_Rent_Model</ownerDesignName>
<engineerTo>
<item key="1CE75143-B5A1-73CE-2E4C-7A9DFCA58412" value="true"/>
</engineerTo>
<useDomainConstraints>false</useDomainConstraints>
<use>1</use>
<logicalDatatype>LOGDT043</logicalDatatype>
</Attribute>
</attributes>
<identifiers itemClass="oracle.dbtools.crest.model.design.logical.CandidateKey">
<identifier id="EAE26912-5132-1A6B-A0D8-0FFB1B00E70E" name="{entity} PK">
<createdBy>cristian_cartofeanu</createdBy>
<createdTime>2014-11-08 16:55:38 UTC</createdTime>
<ownerDesignName>Car_Rent_Model</ownerDesignName>
<engineerTo>
<item key="1CE75143-B5A1-73CE-2E4C-7A9DFCA58412" value="true"/>
</engineerTo>
<pk>true</pk>
<usedAttributes>
<attributeRef>5BF89405-69CC-6566-1482-13C9FCAA9E18</attributeRef>
</usedAttributes>
</identifier>
</identifiers>
</Entity>