<?xml version = '1.0' encoding = 'UTF-8'?>
<Entity class="oracle.dbtools.crest.model.design.logical.Entity" directorySegmentName="seg_0" id="A24557C4-2500-76EA-F575-BCE6BDD6511D" name="Gadget">
<createdBy>cristian_cartofeanu</createdBy>
<createdTime>2014-10-14 15:04:34 UTC</createdTime>
<ownerDesignName>Car_Rent_Model</ownerDesignName>
<engineerTo>
<item key="1CE75143-B5A1-73CE-2E4C-7A9DFCA58412" value="true"/>
</engineerTo>
<adequatelyNormalized>NO</adequatelyNormalized>
<expectedVolumes>0</expectedVolumes>
<fwdEngineeringStrategyName>Single Table</fwdEngineeringStrategyName>
<growthPercent>0</growthPercent>
<growthType>Year</growthType>
<maxVolumes>9999999</maxVolumes>
<minVolumes>0</minVolumes>
<normalForm>Third</normalForm>
<attributes itemClass="oracle.dbtools.crest.model.design.logical.Attribute">
<Attribute name="gadget_ID" id="92CCD7F0-1720-5FAF-5D94-3E3418DB8FDC">
<createdBy>cristian_cartofeanu</createdBy>
<createdTime>2014-10-14 15:04:40 UTC</createdTime>
<ownerDesignName>Car_Rent_Model</ownerDesignName>
<engineerTo>
<item key="1CE75143-B5A1-73CE-2E4C-7A9DFCA58412" value="true"/>
</engineerTo>
<useDomainConstraints>false</useDomainConstraints>
<use>1</use>
<logicalDatatype>LOGDT011</logicalDatatype>
</Attribute>
<Attribute name="Gad_type" id="92C7E6F2-7E5C-0E21-5F4B-896C15725316">
<createdBy>cristian_cartofeanu</createdBy>
<createdTime>2014-11-09 21:40:37 UTC</createdTime>
<ownerDesignName>Car_Rent_Model</ownerDesignName>
<engineerTo>
<item key="1CE75143-B5A1-73CE-2E4C-7A9DFCA58412" value="true"/>
</engineerTo>
<useDomainConstraints>false</useDomainConstraints>
<use>1</use>
<logicalDatatype>LOGDT024</logicalDatatype>
<dataTypeSize>45</dataTypeSize>
</Attribute>
</attributes>
<identifiers itemClass="oracle.dbtools.crest.model.design.logical.CandidateKey">
<identifier id="9C6219C6-EB7B-B1C6-A48F-6EE495C7571F" name="{entity} PK">
<createdBy>cristian_cartofeanu</createdBy>
<createdTime>2014-10-14 15:04:47 UTC</createdTime>
<ownerDesignName>Car_Rent_Model</ownerDesignName>
<engineerTo>
<item key="1CE75143-B5A1-73CE-2E4C-7A9DFCA58412" value="true"/>
</engineerTo>
<pk>true</pk>
<usedAttributes>
<attributeRef>92CCD7F0-1720-5FAF-5D94-3E3418DB8FDC</attributeRef>
</usedAttributes>
</identifier>
</identifiers>
</Entity>