<?xml version = '1.0' encoding = 'UTF-8'?>
<Entity class="oracle.dbtools.crest.model.design.logical.Entity" directorySegmentName="seg_0" id="BC877256-23FE-F362-5E2D-1C5F1B35F8AE" name="Booking">
<createdBy>cristian_cartofeanu</createdBy>
<createdTime>2014-11-08 17:04:48 UTC</createdTime>
<ownerDesignName>Car_Rent_Model</ownerDesignName>
<engineerTo>
<item key="1CE75143-B5A1-73CE-2E4C-7A9DFCA58412" value="true"/>
</engineerTo>
<adequatelyNormalized>NO</adequatelyNormalized>
<expectedVolumes>0</expectedVolumes>
<fwdEngineeringStrategyName>Single Table</fwdEngineeringStrategyName>
<growthPercent>0</growthPercent>
<growthType>Year</growthType>
<maxVolumes>9999999</maxVolumes>
<minVolumes>0</minVolumes>
<normalForm>Third</normalForm>
<attributes itemClass="oracle.dbtools.crest.model.design.logical.Attribute">
<Attribute name="booking_ID" id="F1A25C06-60FD-8AA4-4ABF-1283A2DD2FFE">
<createdBy>cristian_cartofeanu</createdBy>
<createdTime>2014-11-08 17:05:10 UTC</createdTime>
<ownerDesignName>Car_Rent_Model</ownerDesignName>
<engineerTo>
<item key="1CE75143-B5A1-73CE-2E4C-7A9DFCA58412" value="true"/>
</engineerTo>
<useDomainConstraints>false</useDomainConstraints>
<use>1</use>
<logicalDatatype>LOGDT011</logicalDatatype>
</Attribute>
<Attribute name="vehicle_ID" id="FF3D3C29-9500-78A5-D58E-416289A8C832">
<createdBy>cristian_cartofeanu</createdBy>
<createdTime>2014-11-08 17:09:12 UTC</createdTime>
<generatorID>1C756BA7-A08B-51BA-AA09-3485F5A2A90C</generatorID>
<ownerDesignName>Car_Rent_Model</ownerDesignName>
<engineerTo>
<item key="1CE75143-B5A1-73CE-2E4C-7A9DFCA58412" value="true"/>
</engineerTo>
<referedAttribute>5BF89405-69CC-6566-1482-13C9FCAA9E18</referedAttribute>
<useDomainConstraints>false</useDomainConstraints>
<use>1</use>
<logicalDatatype>LOGDT011</logicalDatatype>
</Attribute>
<Attribute name="insurance_ID" id="50783AFF-C555-19C4-5624-1267C5403829">
<createdBy>cristian_cartofeanu</createdBy>
<createdTime>2014-11-10 18:10:59 UTC</createdTime>
<generatorID>38B2B620-3AFA-054A-44B6-A580DDE9E57F</generatorID>
<ownerDesignName>Car_Rent_Model</ownerDesignName>
<engineerTo>
<item key="1CE75143-B5A1-73CE-2E4C-7A9DFCA58412" value="true"/>
</engineerTo>
<nullsAllowed>true</nullsAllowed>
<referedAttribute>BBE7C7E0-7D62-680E-AAD4-795342ABC4BB</referedAttribute>
<useDomainConstraints>false</useDomainConstraints>
<use>1</use>
<logicalDatatype>LOGDT011</logicalDatatype>
</Attribute>
<Attribute name="gadget_ID" id="82C1975C-4A33-F155-4686-86E8026F35AA">
<createdBy>cristian_cartofeanu</createdBy>
<createdTime>2014-11-10 16:03:26 UTC</createdTime>
<generatorID>447465FC-3BF9-6555-2609-A1EC3D97247D</generatorID>
<ownerDesignName>Car_Rent_Model</ownerDesignName>
<engineerTo>
<item key="1CE75143-B5A1-73CE-2E4C-7A9DFCA58412" value="true"/>
</engineerTo>
<nullsAllowed>true</nullsAllowed>
<referedAttribute>92CCD7F0-1720-5FAF-5D94-3E3418DB8FDC</referedAttribute>
<useDomainConstraints>false</useDomainConstraints>
<use>1</use>
<logicalDatatype>LOGDT011</logicalDatatype>
</Attribute>
<Attribute name="booking_from_date" id="22166F9C-81AF-B18A-9325-1889038EE447">
<createdBy>cristian_cartofeanu</createdBy>
<createdTime>2014-11-08 17:05:27 UTC</createdTime>
<ownerDesignName>Car_Rent_Model</ownerDesignName>
<engineerTo>
<item key="1CE75143-B5A1-73CE-2E4C-7A9DFCA58412" value="true"/>
</engineerTo>
<useDomainConstraints>false</useDomainConstraints>
<use>1</use>
<logicalDatatype>LOGDT007</logicalDatatype>
</Attribute>
<Attribute name="booking_to_date" id="18B64457-B699-A365-E796-2AC3B0C340D8">
<createdBy>cristian_cartofeanu</createdBy>
<createdTime>2014-11-08 17:06:09 UTC</createdTime>
<ownerDesignName>Car_Rent_Model</ownerDesignName>
<engineerTo>
<item key="1CE75143-B5A1-73CE-2E4C-7A9DFCA58412" value="true"/>
</engineerTo>
<useDomainConstraints>false</useDomainConstraints>
<use>1</use>
<logicalDatatype>LOGDT007</logicalDatatype>
</Attribute>
<Attribute name="booking_email_confirmation" id="52791257-BABF-CEFC-7E62-47F5EFAD9B73">
<createdBy>cristian_cartofeanu</createdBy>
<createdTime>2014-11-08 17:06:54 UTC</createdTime>
<ownerDesignName>Car_Rent_Model</ownerDesignName>
<engineerTo>
<item key="1CE75143-B5A1-73CE-2E4C-7A9DFCA58412" value="true"/>
</engineerTo>
<useDomainConstraints>false</useDomainConstraints>
<use>1</use>
<logicalDatatype>LOGDT011</logicalDatatype>
</Attribute>
<Attribute name="fuel_fee" id="AD2A6B27-E5D8-D99D-29CC-A63644282EED">
<createdBy>cristian_cartofeanu</createdBy>
<createdTime>2014-11-08 19:25:06 UTC</createdTime>
<ownerDesignName>Car_Rent_Model</ownerDesignName>
<engineerTo>
<item key="1CE75143-B5A1-73CE-2E4C-7A9DFCA58412" value="true"/>
</engineerTo>
<useDomainConstraints>false</useDomainConstraints>
<use>1</use>
<logicalDatatype>LOGDT043</logicalDatatype>
</Attribute>
<Attribute name="repair_fee" id="DA0780FC-3665-0FA1-A531-AD8E2CF7ACFA">
<createdBy>cristian_cartofeanu</createdBy>
<createdTime>2014-11-08 19:25:33 UTC</createdTime>
<ownerDesignName>Car_Rent_Model</ownerDesignName>
<engineerTo>
<item key="1CE75143-B5A1-73CE-2E4C-7A9DFCA58412" value="true"/>
</engineerTo>
<useDomainConstraints>false</useDomainConstraints>
<use>1</use>
<logicalDatatype>LOGDT043</logicalDatatype>
</Attribute>
<Attribute name="Cost" id="53D74161-0E8D-5098-1D71-DE2AA38AE06F">
<createdBy>cristian_cartofeanu</createdBy>
<createdTime>2014-11-08 19:19:18 UTC</createdTime>
<ownerDesignName>Car_Rent_Model</ownerDesignName>
<engineerTo>
<item key="1CE75143-B5A1-73CE-2E4C-7A9DFCA58412" value="true"/>
</engineerTo>
<useDomainConstraints>false</useDomainConstraints>
<use>1</use>
<logicalDatatype>LOGDT021</logicalDatatype>
</Attribute>
</attributes>
<identifiers itemClass="oracle.dbtools.crest.model.design.logical.CandidateKey">
<identifier id="709EB30B-E742-20F8-D895-E53C836CA375" name="{entity} PK">
<createdBy>cristian_cartofeanu</createdBy>
<createdTime>2014-11-08 17:05:24 UTC</createdTime>
<ownerDesignName>Car_Rent_Model</ownerDesignName>
<engineerTo>
<item key="1CE75143-B5A1-73CE-2E4C-7A9DFCA58412" value="true"/>
</engineerTo>
<pk>true</pk>
<usedAttributes>
<attributeRef>F1A25C06-60FD-8AA4-4ABF-1283A2DD2FFE</attributeRef>
</usedAttributes>
</identifier>
</identifiers>
</Entity>