<?xml version = '1.0' encoding = 'UTF-8'?>
<Entity class="oracle.dbtools.crest.model.design.logical.Entity" directorySegmentName="seg_0" id="CAA3CAD2-83A3-4988-51AA-EB4A83017911" name="Insurance">
<createdBy>cristian_cartofeanu</createdBy>
<createdTime>2014-10-14 15:05:47 UTC</createdTime>
<ownerDesignName>Car_Rent_Model</ownerDesignName>
<engineerTo>
<item key="1CE75143-B5A1-73CE-2E4C-7A9DFCA58412" value="true"/>
</engineerTo>
<adequatelyNormalized>NO</adequatelyNormalized>
<expectedVolumes>0</expectedVolumes>
<fwdEngineeringStrategyName>Single Table</fwdEngineeringStrategyName>
<growthPercent>0</growthPercent>
<growthType>Year</growthType>
<maxVolumes>9999999</maxVolumes>
<minVolumes>0</minVolumes>
<normalForm>Third</normalForm>
<attributes itemClass="oracle.dbtools.crest.model.design.logical.Attribute">
<Attribute name="insurance_ID" id="BBE7C7E0-7D62-680E-AAD4-795342ABC4BB">
<createdBy>cristian_cartofeanu</createdBy>
<createdTime>2014-10-14 15:06:06 UTC</createdTime>
<ownerDesignName>Car_Rent_Model</ownerDesignName>
<engineerTo>
<item key="1CE75143-B5A1-73CE-2E4C-7A9DFCA58412" value="true"/>
</engineerTo>
<useDomainConstraints>false</useDomainConstraints>
<use>1</use>
<logicalDatatype>LOGDT011</logicalDatatype>
</Attribute>
<Attribute name="ins_type" id="909F7DCB-FA48-33F5-7002-A312D5DD42DE">
<createdBy>cristian_cartofeanu</createdBy>
<createdTime>2014-11-10 11:33:55 UTC</createdTime>
<ownerDesignName>Car_Rent_Model</ownerDesignName>
<engineerTo>
<item key="1CE75143-B5A1-73CE-2E4C-7A9DFCA58412" value="true"/>
</engineerTo>
<useDomainConstraints>false</useDomainConstraints>
<use>1</use>
<logicalDatatype>LOGDT024</logicalDatatype>
<dataTypeSize>30</dataTypeSize>
</Attribute>
</attributes>
<identifiers itemClass="oracle.dbtools.crest.model.design.logical.CandidateKey">
<identifier id="93D3AF89-08A6-E29A-7A13-DFCC3A99280D" name="{entity} PK">
<createdBy>cristian_cartofeanu</createdBy>
<createdTime>2014-10-14 15:06:11 UTC</createdTime>
<ownerDesignName>Car_Rent_Model</ownerDesignName>
<engineerTo>
<item key="1CE75143-B5A1-73CE-2E4C-7A9DFCA58412" value="true"/>
</engineerTo>
<pk>true</pk>
<usedAttributes>
<attributeRef>BBE7C7E0-7D62-680E-AAD4-795342ABC4BB</attributeRef>
</usedAttributes>
</identifier>
</identifiers>
</Entity>