<?xml version = '1.0' encoding = 'UTF-8'?>
<Entity class="oracle.dbtools.crest.model.design.logical.Entity" directorySegmentName="seg_0" id="F334A117-D363-BDAA-662B-49F3E9149707" name="Veh_Av">
<createdBy>cristian_cartofeanu</createdBy>
<createdTime>2014-10-14 14:49:07 UTC</createdTime>
<ownerDesignName>Car_Rent_Model</ownerDesignName>
<engineerTo>
<item key="1CE75143-B5A1-73CE-2E4C-7A9DFCA58412" value="true"/>
</engineerTo>
<adequatelyNormalized>NO</adequatelyNormalized>
<expectedVolumes>0</expectedVolumes>
<fwdEngineeringStrategyName>Single Table</fwdEngineeringStrategyName>
<growthPercent>0</growthPercent>
<growthType>Year</growthType>
<maxVolumes>9999999</maxVolumes>
<minVolumes>0</minVolumes>
<normalForm>Third</normalForm>
<attributes itemClass="oracle.dbtools.crest.model.design.logical.Attribute">
<Attribute name="veh_av_ID" id="F5C5BA6C-8156-CE62-F518-F672A03AA78B">
<createdBy>cristian_cartofeanu</createdBy>
<createdTime>2014-10-14 14:49:41 UTC</createdTime>
<ownerDesignName>Car_Rent_Model</ownerDesignName>
<engineerTo>
<item key="1CE75143-B5A1-73CE-2E4C-7A9DFCA58412" value="true"/>
</engineerTo>
<useDomainConstraints>false</useDomainConstraints>
<use>1</use>
<logicalDatatype>LOGDT011</logicalDatatype>
</Attribute>
<Attribute name="vehicle_ID" id="428481B6-E47F-44C0-F466-EC83A4C6BEC2">
<createdBy>cristian_cartofeanu</createdBy>
<createdTime>2014-11-08 19:46:47 UTC</createdTime>
<generatorID>AFF46159-5482-025F-C4B5-DBAB4FD22845</generatorID>
<ownerDesignName>Car_Rent_Model</ownerDesignName>
<engineerTo>
<item key="1CE75143-B5A1-73CE-2E4C-7A9DFCA58412" value="true"/>
</engineerTo>
<referedAttribute>5BF89405-69CC-6566-1482-13C9FCAA9E18</referedAttribute>
<useDomainConstraints>false</useDomainConstraints>
<use>1</use>
<logicalDatatype>LOGDT011</logicalDatatype>
</Attribute>
<Attribute name="is_avail_until" id="4FF26197-9734-9E4C-BAF5-B8796F04FACA">
<createdBy>cristian_cartofeanu</createdBy>
<createdTime>2014-10-14 14:58:59 UTC</createdTime>
<ownerDesignName>Car_Rent_Model</ownerDesignName>
<engineerTo>
<item key="1CE75143-B5A1-73CE-2E4C-7A9DFCA58412" value="true"/>
</engineerTo>
<nullsAllowed>true</nullsAllowed>
<useDomainConstraints>false</useDomainConstraints>
<use>1</use>
<logicalDatatype>LOGDT007</logicalDatatype>
</Attribute>
<Attribute name="is_avail_from" id="058C3745-AF2B-AC51-1410-B49CDB47707D">
<createdBy>cristian_cartofeanu</createdBy>
<createdTime>2014-11-11 01:21:08 UTC</createdTime>
<ownerDesignName>Car_Rent_Model</ownerDesignName>
<engineerTo>
<item key="1CE75143-B5A1-73CE-2E4C-7A9DFCA58412" value="true"/>
</engineerTo>
<nullsAllowed>true</nullsAllowed>
<useDomainConstraints>false</useDomainConstraints>
<use>1</use>
<logicalDatatype>LOGDT007</logicalDatatype>
</Attribute>
</attributes>
<identifiers itemClass="oracle.dbtools.crest.model.design.logical.CandidateKey">
<identifier id="C334285D-E004-9D40-793C-0FFC355BBD5C" name="{entity} PK">
<createdBy>cristian_cartofeanu</createdBy>
<createdTime>2014-10-14 14:49:51 UTC</createdTime>
<ownerDesignName>Car_Rent_Model</ownerDesignName>
<engineerTo>
<item key="1CE75143-B5A1-73CE-2E4C-7A9DFCA58412" value="true"/>
</engineerTo>
<pk>true</pk>
<usedAttributes>
<attributeRef>F5C5BA6C-8156-CE62-F518-F672A03AA78B</attributeRef>
</usedAttributes>
</identifier>
</identifiers>
</Entity>