<?xml version = '1.0' encoding = 'UTF-8'?>
<Diagram class="oracle.dbtools.crest.swingui.relational.DPVRelational" name="Relational_1" id="74CE45D6-3A7A-5480-9E1F-29C534C88BDE">
<createdBy>cristian_cartofeanu</createdBy>
<createdTime>2014-12-09 21:35:40 UTC</createdTime>
<autoRoute>false</autoRoute>
<boxInbox>true</boxInbox>
<showLegend>false</showLegend>
<showLabels>false</showLabels>
<showRelAttributes>false</showRelAttributes>
<showGrid>false</showGrid>
<diagramColor>-1</diagramColor>
<display>false</display>
<notation>1</notation>
<objectViews>
<OView class="oracle.dbtools.crest.swingui.relational.TVTable" oid="134D34F4-0EB4-1AED-2D62-AAB422890F63" otype="Table" vid="E54F3FC1-C09C-8272-CD31-D04720EB24FD">
<hideElementsInCurrentOnly>false</hideElementsInCurrentOnly>
<bounds x="181" y="417" width="170" height="110"/>
</OView>
<OView class="oracle.dbtools.crest.swingui.relational.TVTable" oid="15FCC933-35CB-8A75-2BFE-5EA22F7EA2D1" otype="Table" vid="7CBC0FE6-83CA-313C-650A-CAD18EDD8B37">
<hideElementsInCurrentOnly>false</hideElementsInCurrentOnly>
<bounds x="287" y="25" width="220" height="194"/>
</OView>
<OView class="oracle.dbtools.crest.swingui.relational.TVTable" oid="75952B71-F98B-7F55-78AC-2295082B1EE3" otype="Table" vid="65F21E64-6FB4-DB28-C86E-94AF3FEC44D1">
<hideElementsInCurrentOnly>false</hideElementsInCurrentOnly>
<bounds x="288" y="244" width="170" height="110"/>
</OView>
<OView class="oracle.dbtools.crest.swingui.relational.TVTable" oid="7BBD182C-0502-DEBB-761E-62E84EA0F4A4" otype="Table" vid="272B7891-2FFD-5C84-51AB-2A985EAE13F1">
<hideElementsInCurrentOnly>false</hideElementsInCurrentOnly>
<bounds x="651" y="14" width="170" height="110"/>
</OView>
<OView class="oracle.dbtools.crest.swingui.relational.TVTable" oid="7EBA203E-7D01-C5FD-459C-67EF4DB1D300" otype="Table" vid="C3635F01-0E90-2E84-04CA-1AE73D2594E7">
<hideElementsInCurrentOnly>false</hideElementsInCurrentOnly>
<bounds x="11" y="290" width="230" height="110"/>
</OView>
<OView class="oracle.dbtools.crest.swingui.relational.TVTable" oid="983B574C-9769-F9ED-4322-23DB7DA1472E" otype="Table" vid="C19D557E-6A88-DC69-BEBD-78C0574B9A58">
<hideElementsInCurrentOnly>false</hideElementsInCurrentOnly>
<bounds x="374" y="415" width="170" height="110"/>
</OView>
<OView class="oracle.dbtools.crest.swingui.relational.TVTable" oid="B75EDB6D-AE5C-E543-9692-671DA3B4ACEA" otype="Table" vid="196CE077-CAA6-7D82-48D6-C4FCE6B6C000">
<hideElementsInCurrentOnly>false</hideElementsInCurrentOnly>
<bounds x="659" y="150" width="170" height="110"/>
</OView>
<OView class="oracle.dbtools.crest.swingui.relational.TVTable" oid="CE5C9524-7DC0-2C36-4E35-C81D1954FB7B" otype="Table" vid="BF5636BB-BBC6-F009-3989-C4E5DD9CBE20">
<hideElementsInCurrentOnly>false</hideElementsInCurrentOnly>
<bounds x="27" y="23" width="195" height="197"/>
</OView>
</objectViews>
<connectors>
<Connector class="oracle.dbtools.crest.swingui.relational.TVFKRelation" oid="361114BB-0394-BF87-A589-B09AB9DB8E26" otype="FKIndexAssociation" vid_source="BF5636BB-BBC6-F009-3989-C4E5DD9CBE20" vid_target="C3635F01-0E90-2E84-04CA-1AE73D2594E7">
<hideElementsInCurrentOnly>false</hideElementsInCurrentOnly>
<lineWidth>1</lineWidth>
<points>
<point x="124" y="220"/>
<point x="124" y="290"/>
</points>
</Connector>
<Connector class="oracle.dbtools.crest.swingui.relational.TVFKRelation" oid="370A2148-F9B4-0F84-940C-5ED9D0F0CA82" otype="FKIndexAssociation" vid_source="272B7891-2FFD-5C84-51AB-2A985EAE13F1" vid_target="7CBC0FE6-83CA-313C-650A-CAD18EDD8B37">
<hideElementsInCurrentOnly>false</hideElementsInCurrentOnly>
<lineWidth>1</lineWidth>
<points>
<point x="651" y="64"/>
<point x="507" y="64"/>
</points>
</Connector>
<Connector class="oracle.dbtools.crest.swingui.relational.TVFKRelation" oid="42D72459-61CE-2627-A667-9B4B2EA25628" otype="FKIndexAssociation" vid_source="65F21E64-6FB4-DB28-C86E-94AF3FEC44D1" vid_target="7CBC0FE6-83CA-313C-650A-CAD18EDD8B37">
<hideElementsInCurrentOnly>false</hideElementsInCurrentOnly>
<lineWidth>1</lineWidth>
<points>
<point x="363" y="244"/>
<point x="363" y="219"/>
</points>
</Connector>
<Connector class="oracle.dbtools.crest.swingui.relational.TVFKRelation" oid="46CEB913-0D25-E067-F23E-84C995E7A5FB" otype="FKIndexAssociation" vid_source="E54F3FC1-C09C-8272-CD31-D04720EB24FD" vid_target="65F21E64-6FB4-DB28-C86E-94AF3FEC44D1">
<hideElementsInCurrentOnly>false</hideElementsInCurrentOnly>
<lineWidth>1</lineWidth>
<points>
<point x="319" y="417"/>
<point x="319" y="354"/>
</points>
</Connector>
<Connector class="oracle.dbtools.crest.swingui.relational.TVFKRelation" oid="7E1AA1D6-EA87-5C6B-5B6E-867D26EDBA82" otype="FKIndexAssociation" vid_source="7CBC0FE6-83CA-313C-650A-CAD18EDD8B37" vid_target="C3635F01-0E90-2E84-04CA-1AE73D2594E7">
<hideElementsInCurrentOnly>false</hideElementsInCurrentOnly>
<lineWidth>1</lineWidth>
<points>
<point x="287" y="122"/>
<point x="126" y="290"/>
</points>
</Connector>
<Connector class="oracle.dbtools.crest.swingui.relational.TVFKRelation" oid="8A74830F-E94F-519C-76F9-77E4CA6DAD29" otype="FKIndexAssociation" vid_source="65F21E64-6FB4-DB28-C86E-94AF3FEC44D1" vid_target="C19D557E-6A88-DC69-BEBD-78C0574B9A58">
<hideElementsInCurrentOnly>false</hideElementsInCurrentOnly>
<lineWidth>1</lineWidth>
<points>
<point x="416" y="354"/>
<point x="416" y="415"/>
</points>
</Connector>
<Connector class="oracle.dbtools.crest.swingui.relational.TVFKRelation" oid="96ACF4B8-BBBE-D1B0-1F9B-197AE5778779" otype="FKIndexAssociation" vid_source="196CE077-CAA6-7D82-48D6-C4FCE6B6C000" vid_target="7CBC0FE6-83CA-313C-650A-CAD18EDD8B37">
<hideElementsInCurrentOnly>false</hideElementsInCurrentOnly>
<lineWidth>1</lineWidth>
<points>
<point x="659" y="184"/>
<point x="507" y="184"/>
</points>
</Connector>
</connectors>
</Diagram>