<?xml version = '1.0' encoding = 'UTF-8'?>
<Diagram class="oracle.dbtools.crest.swingui.relational.DPVRelationalSubView" name="From_LM_Logical - SubView_1" id="D2093C1A-B18F-BB13-B980-BF8BF10284CE">
<createdBy>cristian_cartofeanu</createdBy>
<createdTime>2014-12-09 21:35:52 UTC</createdTime>
<autoRoute>false</autoRoute>
<boxInbox>true</boxInbox>
<showLegend>false</showLegend>
<showLabels>false</showLabels>
<showRelAttributes>false</showRelAttributes>
<showGrid>false</showGrid>
<diagramColor>-1</diagramColor>
<display>false</display>
<generatorId>409FD079-D1A2-F247-5404-A62567A34B15</generatorId>
<notation>1</notation>
<objectViews>
<OView class="oracle.dbtools.crest.swingui.relational.TVTable" oid="7BBD182C-0502-DEBB-761E-62E84EA0F4A4" otype="Table" vid="E8B49EFD-9FF4-E732-CBDE-1477F7588C21">
<hideElementsInCurrentOnly>false</hideElementsInCurrentOnly>
<bounds x="920" y="401" width="170" height="110"/>
<generatorID>02E90916-9202-CA32-2E40-F7FE0AFFC612</generatorID>
</OView>
<OView class="oracle.dbtools.crest.swingui.relational.TVTable" oid="983B574C-9769-F9ED-4322-23DB7DA1472E" otype="Table" vid="2C3A6AE5-08D8-EC75-CB4C-304B0AE89FAE">
<hideElementsInCurrentOnly>false</hideElementsInCurrentOnly>
<bounds x="502" y="413" width="170" height="110"/>
<generatorID>ED860FC8-11F7-D0A3-9C33-6F291B9B2252</generatorID>
</OView>
<OView class="oracle.dbtools.crest.swingui.relational.TVTable" oid="B75EDB6D-AE5C-E543-9692-671DA3B4ACEA" otype="Table" vid="A5E1FBF6-60E2-EEAA-41EA-EDB7A100BF5D">
<hideElementsInCurrentOnly>false</hideElementsInCurrentOnly>
<bounds x="737" y="404" width="170" height="110"/>
<generatorID>17678B49-0E15-AEE7-10A7-FC75BF32FB9B</generatorID>
</OView>
<OView class="oracle.dbtools.crest.swingui.relational.TVTable" oid="CE5C9524-7DC0-2C36-4E35-C81D1954FB7B" otype="Table" vid="76689684-1A93-3731-A6A4-F0F20813EC0C">
<hideElementsInCurrentOnly>false</hideElementsInCurrentOnly>
<bounds x="39" y="43" width="170" height="110"/>
<generatorID>D5B0785A-A4C9-B3AB-659F-C7DEB91F0627</generatorID>
</OView>
</objectViews>
</Diagram>